STRUCTURE,STRUCTURE_ID,STRUCTURE_NAME,freq,Time frequency,indic_is,Information society indicator,ind_type,Individual type,unit,Unit of measure,geo,Geopolitical entity (reporting),TIME_PERIOD,Time,OBS_VALUE,Observation value,OBS_FLAG,Observation status (Flag) V2 structure,CONF_STATUS,Confidentiality status (flag)
dataflow,ESTAT:ISOC_EC_IBUY(1.0),Internet purchases by individuals (2002-2019),A,Annual,I_BFOOD,Online purchases: Food/groceries,IND_TOTAL,All individuals,PC_IND,Percentage of individuals,AL,Albania,2018,,0.20,,,,,
dataflow,ESTAT:ISOC_EC_IBUY(1.0),Internet purchases by individuals (2002-2019),A,Annual,I_BFOOD,Online purchases: Food/groceries,IND_TOTAL,All individuals,PC_IND,Percentage of individuals,AL,Albania,2019,,0.24,,,,,
dataflow,ESTAT:ISOC_EC_IBUY(1.0),Internet purchases by individuals (2002-2019),A,Annual,I_BFOOD,Online purchases: Food/groceries,IND_TOTAL,All individuals,PC_IND,Percentage of individuals,AT,Austria,2010,,4.75,,,,,
dataflow,ESTAT:ISOC_EC_IBUY(1.0),Internet purchases by individuals (2002-2019),A,Annual,I_BFOOD,Online purchases: Food/groceries,IND_TOTAL,All individuals,PC_IND,Percentage of individuals,AT,Austria,2011,,4.60,,,,,
dataflow,ESTAT:ISOC_EC_IBUY(1.0),Internet purchases by individuals (2002-2019),A,Annual,I_BFOOD,Online purchases: Food/groceries,IND_TOTAL,All individuals,PC_IND,Percentage of individuals,AT,Austria,2012,,5.64,,,,,
dataflow,ESTAT:ISOC_EC_IBUY(1.0),Internet purchases by individuals (2002-2019),A,Annual,I_BFOOD,Online purchases: Food/groceries,IND_TOTAL,All individuals,PC_IND,Percentage of individuals,AT,Austria,2013,,5.97,,,,,
dataflow,ESTAT:ISOC_EC_IBUY(1.0),Internet purchases by individuals (2002-2019),A,Annual,I_BFOOD,Online purchases: Food/groceries,IND_TOTAL,All individuals,PC_IND,Percentage of individuals,AT,Austria,2014,,7.08,,,,,
dataflow,ESTAT:ISOC_EC_IBUY(1.0),Internet purchases by individuals (2002-2019),A,Annual,I_BFOOD,Online purchases: Food/groceries,IND_TOTAL,All individuals,PC_IND,Percentage of individuals,AT,Austria,2015,,8.89,,,,,
dataflow,ESTAT:ISOC_EC_IBUY(1.0),Internet purchases by individuals (2002-2019),A,Annual,I_BFOOD,Online purchases: Food/groceries,IND_TOTAL,All individuals,PC_IND,Percentage of individuals,AT,Austria,2016,,10.56,,,,,
dataflow,ESTAT:ISOC_EC_IBUY(1.0),Internet purchases by individuals (2002-2019),A,Annual,I_BFOOD,Online purchases: Food/groceries,IND_TOTAL,All individuals,PC_IND,Percentage of individuals,AT,Austria,2017,,11.85,,,,,
dataflow,ESTAT:ISOC_EC_IBUY(1.0),Internet purchases by individuals (2002-2019),A,Annual,I_BFOOD,Online purchases: Food/groceries,IND_TOTAL,All individuals,PC_IND,Percentage of individuals,AT,Austria,2018,,13.11,,,,,
dataflow,ESTAT:ISOC_EC_IBUY(1.0),Internet purchases by individuals (2002-2019),A,Annual,I_BFOOD,Online purchases: Food/groceries,IND_TOTAL,All individuals,PC_IND,Percentage of individuals,AT,Austria,2019,,13.65,,,,,
dataflow,ESTAT:ISOC_EC_IBUY(1.0),Internet purchases by individuals (2002-2019),A,Annual,I_BFOOD,Online purchases: Food/groceries,IND_TOTAL,All individuals,PC_IND,Percentage of individuals,BA,Bosnia and Herzegovina,2018,,0.39,,,,,
dataflow,ESTAT:ISOC_EC_IBUY(1.0),Internet purchases by individuals (2002-2019),A,Annual,I_BFOOD,Online purchases: Food/groceries,IND_TOTAL,All individuals,PC_IND,Percentage of individuals,BA,Bosnia and Herzegovina,2019,,2.36,,,,,
dataflow,ESTAT:ISOC_EC_IBUY(1.0),Internet purchases by individuals (2002-2019),A,Annual,I_BFOOD,Online purchases: Food/groceries,IND_TOTAL,All individuals,PC_IND,Percentage of individuals,BE,Belgium,2010,,2.49,,,,,
dataflow,ESTAT:ISOC_EC_IBUY(1.0),Internet purchases by individuals (2002-2019),A,Annual,I_BFOOD,Online purchases: Food/groceries,IND_TOTAL,All individuals,PC_IND,Percentage of individuals,BE,Belgium,2011,,3.44,,,,,
dataflow,ESTAT:ISOC_EC_IBUY(1.0),Internet purchases by individuals (2002-2019),A,Annual,I_BFOOD,Online purchases: Food/groceries,IND_TOTAL,All individuals,PC_IND,Percentage of individuals,BE,Belgium,2012,,4.49,,,,,
dataflow,ESTAT:ISOC_EC_IBUY(1.0),Internet purchases by individuals (2002-2019),A,Annual,I_BFOOD,Online purchases: Food/groceries,IND_TOTAL,All individuals,PC_IND,Percentage of individuals,BE,Belgium,2013,,4.67,,,,,
dataflow,ESTAT:ISOC_EC_IBUY(1.0),Internet purchases by individuals (2002-2019),A,Annual,I_BFOOD,Online purchases: Food/groceries,IND_TOTAL,All individuals,PC_IND,Percentage of individuals,BE,Belgium,2014,,5.10,,,,,
dataflow,ESTAT:ISOC_EC_IBUY(1.0),Internet purchases by individuals (2002-2019),A,Annual,I_BFOOD,Online purchases: Food/groceries,IND_TOTAL,All individuals,PC_IND,Percentage of individuals,BE,Belgium,2015,,5.77,,,,,
dataflow,ESTAT:ISOC_EC_IBUY(1.0),Internet purchases by individuals (2002-2019),A,Annual,I_BFOOD,Online purchases: Food/groceries,IND_TOTAL,All individuals,PC_IND,Percentage of individuals,BE,Belgium,2016,,6.78,,,,,
dataflow,ESTAT:ISOC_EC_IBUY(1.0),Internet purchases by individuals (2002-2019),A,Annual,I_BFOOD,Online purchases: Food/groceries,IND_TOTAL,All individuals,PC_IND,Percentage of individuals,BE,Belgium,2017,,9.25,,,,,
dataflow,ESTAT:ISOC_EC_IBUY(1.0),Internet purchases by individuals (2002-2019),A,Annual,I_BFOOD,Online purchases: Food/groceries,IND_TOTAL,All individuals,PC_IND,Percentage of individuals,BE,Belgium,2018,,8.71,,u,low reliability,,
dataflow,ESTAT:ISOC_EC_IBUY(1.0),Internet purchases by individuals (2002-2019),A,Annual,I_BFOOD,Online purchases: Food/groceries,IND_TOTAL,All individuals,PC_IND,Percentage of individuals,BE,Belgium,2019,,10.90,,u,low reliability,,
dataflow,ESTAT:ISOC_EC_IBUY(1.0),Internet purchases by individuals (2002-2019),A,Annual,I_BFOOD,Online purchases: Food/groceries,IND_TOTAL,All individuals,PC_IND,Percentage of individuals,BG,Bulgaria,2010,,0.74,,,,,
dataflow,ESTAT:ISOC_EC_IBUY(1.0),Internet purchases by individuals (2002-2019),A,Annual,I_BFOOD,Online purchases: Food/groceries,IND_TOTAL,All individuals,PC_IND,Percentage of individuals,BG,Bulgaria,2011,,0.61,,,,,
dataflow,ESTAT:ISOC_EC_IBUY(1.0),Internet purchases by individuals (2002-2019),A,Annual,I_BFOOD,Online purchases: Food/groceries,IND_TOTAL,All individuals,PC_IND,Percentage of individuals,BG,Bulgaria,2012,,1.03,,,,,
dataflow,ESTAT:ISOC_EC_IBUY(1.0),Internet purchases by individuals (2002-2019),A,Annual,I_BFOOD,Online purchases: Food/groceries,IND_TOTAL,All individuals,PC_IND,Percentage of individuals,BG,Bulgaria,2013,,2.43,,,,,
dataflow,ESTAT:ISOC_EC_IBUY(1.0),Internet purchases by individuals (2002-2019),A,Annual,I_BFOOD,Online purchases: Food/groceries,IND_TOTAL,All individuals,PC_IND,Percentage of individuals,BG,Bulgaria,2014,,3.26,,,,,
dataflow,ESTAT:ISOC_EC_IBUY(1.0),Internet purchases by individuals (2002-2019),A,Annual,I_BFOOD,Online purchases: Food/groceries,IND_TOTAL,All individuals,PC_IND,Percentage of individuals,BG,Bulgaria,2015,,3.26,,,,,
dataflow,ESTAT:ISOC_EC_IBUY(1.0),Internet purchases by individuals (2002-2019),A,Annual,I_BFOOD,Online purchases: Food/groceries,IND_TOTAL,All individuals,PC_IND,Percentage of individuals,BG,Bulgaria,2016,,3.71,,,,,
dataflow,ESTAT:ISOC_EC_IBUY(1.0),Internet purchases by individuals (2002-2019),A,Annual,I_BFOOD,Online purchases: Food/groceries,IND_TOTAL,All individuals,PC_IND,Percentage of individuals,BG,Bulgaria,2017,,3.33,,,,,
dataflow,ESTAT:ISOC_EC_IBUY(1.0),Internet purchases by individuals (2002-2019),A,Annual,I_BFOOD,Online purchases: Food/groceries,IND_TOTAL,All individuals,PC_IND,Percentage of individuals,BG,Bulgaria,2018,,2.90,,,,,
dataflow,ESTAT:ISOC_EC_IBUY(1.0),Internet purchases by individuals (2002-2019),A,Annual,I_BFOOD,Online purchases: Food/groceries,IND_TOTAL,All individuals,PC_IND,Percentage of individuals,BG,Bulgaria,2019,,3.66,,,,,
dataflow,ESTAT:ISOC_EC_IBUY(1.0),Internet purchases by individuals (2002-2019),A,Annual,I_BFOOD,Online purchases: Food/groceries,IND_TOTAL,All individuals,PC_IND,Percentage of individuals,CH,Switzerland,2014,,14.99,,,,,
dataflow,ESTAT:ISOC_EC_IBUY(1.0),Internet purchases by individuals (2002-2019),A,Annual,I_BFOOD,Online purchases: Food/groceries,IND_TOTAL,All individuals,PC_IND,Percentage of individuals,CH,Switzerland,2017,,18.71,,b,break in time series,,
dataflow,ESTAT:ISOC_EC_IBUY(1.0),Internet purchases by individuals (2002-2019),A,Annual,I_BFOOD,Online purchases: Food/groceries,IND_TOTAL,All individuals,PC_IND,Percentage of individuals,CH,Switzerland,2019,,21.26,,,,,
dataflow,ESTAT:ISOC_EC_IBUY(1.0),Internet purchases by individuals (2002-2019),A,Annual,I_BFOOD,Online purchases: Food/groceries,IND_TOTAL,All individuals,PC_IND,Percentage of individuals,CY,Cyprus,2010,,0.56,,,,,
dataflow,ESTAT:ISOC_EC_IBUY(1.0),Internet purchases by individuals (2002-2019),A,Annual,I_BFOOD,Online purchases: Food/groceries,IND_TOTAL,All individuals,PC_IND,Percentage of individuals,CY,Cyprus,2011,,0.32,,,,,
dataflow,ESTAT:ISOC_EC_IBUY(1.0),Internet purchases by individuals (2002-2019),A,Annual,I_BFOOD,Online purchases: Food/groceries,IND_TOTAL,All individuals,PC_IND,Percentage of individuals,CY,Cyprus,2012,,0.67,,,,,
dataflow,ESTAT:ISOC_EC_IBUY(1.0),Internet purchases by individuals (2002-2019),A,Annual,I_BFOOD,Online purchases: Food/groceries,IND_TOTAL,All individuals,PC_IND,Percentage of individuals,CY,Cyprus,2013,,0.80,,,,,
dataflow,ESTAT:ISOC_EC_IBUY(1.0),Internet purchases by individuals (2002-2019),A,Annual,I_BFOOD,Online purchases: Food/groceries,IND_TOTAL,All individuals,PC_IND,Percentage of individuals,CY,Cyprus,2014,,2.93,,,,,
dataflow,ESTAT:ISOC_EC_IBUY(1.0),Internet purchases by individuals (2002-2019),A,Annual,I_BFOOD,Online purchases: Food/groceries,IND_TOTAL,All individuals,PC_IND,Percentage of individuals,CY,Cyprus,2015,,1.27,,,,,
dataflow,ESTAT:ISOC_EC_IBUY(1.0),Internet purchases by individuals (2002-2019),A,Annual,I_BFOOD,Online purchases: Food/groceries,IND_TOTAL,All individuals,PC_IND,Percentage of individuals,CY,Cyprus,2016,,2.45,,,,,
dataflow,ESTAT:ISOC_EC_IBUY(1.0),Internet purchases by individuals (2002-2019),A,Annual,I_BFOOD,Online purchases: Food/groceries,IND_TOTAL,All individuals,PC_IND,Percentage of individuals,CY,Cyprus,2017,,2.36,,,,,
dataflow,ESTAT:ISOC_EC_IBUY(1.0),Internet purchases by individuals (2002-2019),A,Annual,I_BFOOD,Online purchases: Food/groceries,IND_TOTAL,All individuals,PC_IND,Percentage of individuals,CY,Cyprus,2018,,1.97,,,,,
dataflow,ESTAT:ISOC_EC_IBUY(1.0),Internet purchases by individuals (2002-2019),A,Annual,I_BFOOD,Online purchases: Food/groceries,IND_TOTAL,All individuals,PC_IND,Percentage of individuals,CY,Cyprus,2019,,4.35,,,,,
dataflow,ESTAT:ISOC_EC_IBUY(1.0),Internet purchases by individuals (2002-2019),A,Annual,I_BFOOD,Online purchases: Food/groceries,IND_TOTAL,All individuals,PC_IND,Percentage of individuals,CZ,Czechia,2010,,0.74,,,,,
dataflow,ESTAT:ISOC_EC_IBUY(1.0),Internet purchases by individuals (2002-2019),A,Annual,I_BFOOD,Online purchases: Food/groceries,IND_TOTAL,All individuals,PC_IND,Percentage of individuals,CZ,Czechia,2011,,1.63,,,,,
dataflow,ESTAT:ISOC_EC_IBUY(1.0),Internet purchases by individuals (2002-2019),A,Annual,I_BFOOD,Online purchases: Food/groceries,IND_TOTAL,All individuals,PC_IND,Percentage of individuals,CZ,Czechia,2012,,0.96,,,,,
dataflow,ESTAT:ISOC_EC_IBUY(1.0),Internet purchases by individuals (2002-2019),A,Annual,I_BFOOD,Online purchases: Food/groceries,IND_TOTAL,All individuals,PC_IND,Percentage of individuals,CZ,Czechia,2013,,2.26,,,,,
dataflow,ESTAT:ISOC_EC_IBUY(1.0),Internet purchases by individuals (2002-2019),A,Annual,I_BFOOD,Online purchases: Food/groceries,IND_TOTAL,All individuals,PC_IND,Percentage of individuals,CZ,Czechia,2014,,2.68,,,,,
dataflow,ESTAT:ISOC_EC_IBUY(1.0),Internet purchases by individuals (2002-2019),A,Annual,I_BFOOD,Online purchases: Food/groceries,IND_TOTAL,All individuals,PC_IND,Percentage of individuals,CZ,Czechia,2015,,2.79,,,,,
dataflow,ESTAT:ISOC_EC_IBUY(1.0),Internet purchases by individuals (2002-2019),A,Annual,I_BFOOD,Online purchases: Food/groceries,IND_TOTAL,All individuals,PC_IND,Percentage of individuals,CZ,Czechia,2016,,7.81,,,,,
dataflow,ESTAT:ISOC_EC_IBUY(1.0),Internet purchases by individuals (2002-2019),A,Annual,I_BFOOD,Online purchases: Food/groceries,IND_TOTAL,All individuals,PC_IND,Percentage of individuals,CZ,Czechia,2017,,11.76,,,,,
dataflow,ESTAT:ISOC_EC_IBUY(1.0),Internet purchases by individuals (2002-2019),A,Annual,I_BFOOD,Online purchases: Food/groceries,IND_TOTAL,All individuals,PC_IND,Percentage of individuals,CZ,Czechia,2018,,19.77,,b,break in time series,,
dataflow,ESTAT:ISOC_EC_IBUY(1.0),Internet purchases by individuals (2002-2019),A,Annual,I_BFOOD,Online purchases: Food/groceries,IND_TOTAL,All individuals,PC_IND,Percentage of individuals,CZ,Czechia,2019,,25.20,,b,break in time series,,
dataflow,ESTAT:ISOC_EC_IBUY(1.0),Internet purchases by individuals (2002-2019),A,Annual,I_BFOOD,Online purchases: Food/groceries,IND_TOTAL,All individuals,PC_IND,Percentage of individuals,DE,Germany,2010,,7.44,,,,,
dataflow,ESTAT:ISOC_EC_IBUY(1.0),Internet purchases by individuals (2002-2019),A,Annual,I_BFOOD,Online purchases: Food/groceries,IND_TOTAL,All individuals,PC_IND,Percentage of individuals,DE,Germany,2011,,9.58,,,,,
dataflow,ESTAT:ISOC_EC_IBUY(1.0),Internet purchases by individuals (2002-2019),A,Annual,I_BFOOD,Online purchases: Food/groceries,IND_TOTAL,All individuals,PC_IND,Percentage of individuals,DE,Germany,2012,,9.26,,,,,
dataflow,ESTAT:ISOC_EC_IBUY(1.0),Internet purchases by individuals (2002-2019),A,Annual,I_BFOOD,Online purchases: Food/groceries,IND_TOTAL,All individuals,PC_IND,Percentage of individuals,DE,Germany,2013,,10.22,,,,,
dataflow,ESTAT:ISOC_EC_IBUY(1.0),Internet purchases by individuals (2002-2019),A,Annual,I_BFOOD,Online purchases: Food/groceries,IND_TOTAL,All individuals,PC_IND,Percentage of individuals,DE,Germany,2014,,10.81,,,,,
dataflow,ESTAT:ISOC_EC_IBUY(1.0),Internet purchases by individuals (2002-2019),A,Annual,I_BFOOD,Online purchases: Food/groceries,IND_TOTAL,All individuals,PC_IND,Percentage of individuals,DE,Germany,2015,,11.24,,,,,
dataflow,ESTAT:ISOC_EC_IBUY(1.0),Internet purchases by individuals (2002-2019),A,Annual,I_BFOOD,Online purchases: Food/groceries,IND_TOTAL,All individuals,PC_IND,Percentage of individuals,DE,Germany,2016,,19.34,,,,,
dataflow,ESTAT:ISOC_EC_IBUY(1.0),Internet purchases by individuals (2002-2019),A,Annual,I_BFOOD,Online purchases: Food/groceries,IND_TOTAL,All individuals,PC_IND,Percentage of individuals,DE,Germany,2017,,21.30,,,,,
dataflow,ESTAT:ISOC_EC_IBUY(1.0),Internet purchases by individuals (2002-2019),A,Annual,I_BFOOD,Online purchases: Food/groceries,IND_TOTAL,All individuals,PC_IND,Percentage of individuals,DE,Germany,2018,,21.78,,,,,
dataflow,ESTAT:ISOC_EC_IBUY(1.0),Internet purchases by individuals (2002-2019),A,Annual,I_BFOOD,Online purchases: Food/groceries,IND_TOTAL,All individuals,PC_IND,Percentage of individuals,DE,Germany,2019,,23.92,,,,,
dataflow,ESTAT:ISOC_EC_IBUY(1.0),Internet purchases by individuals (2002-2019),A,Annual,I_BFOOD,Online purchases: Food/groceries,IND_TOTAL,All individuals,PC_IND,Percentage of individuals,DK,Denmark,2010,,6.70,,,,,
dataflow,ESTAT:ISOC_EC_IBUY(1.0),Internet purchases by individuals (2002-2019),A,Annual,I_BFOOD,Online purchases: Food/groceries,IND_TOTAL,All individuals,PC_IND,Percentage of individuals,DK,Denmark,2011,,8.41,,,,,
dataflow,ESTAT:ISOC_EC_IBUY(1.0),Internet purchases by individuals (2002-2019),A,Annual,I_BFOOD,Online purchases: Food/groceries,IND_TOTAL,All individuals,PC_IND,Percentage of individuals,DK,Denmark,2012,,8.47,,,,,
dataflow,ESTAT:ISOC_EC_IBUY(1.0),Internet purchases by individuals (2002-2019),A,Annual,I_BFOOD,Online purchases: Food/groceries,IND_TOTAL,All individuals,PC_IND,Percentage of individuals,DK,Denmark,2013,,11.90,,,,,
dataflow,ESTAT:ISOC_EC_IBUY(1.0),Internet purchases by individuals (2002-2019),A,Annual,I_BFOOD,Online purchases: Food/groceries,IND_TOTAL,All individuals,PC_IND,Percentage of individuals,DK,Denmark,2014,,11.79,,,,,
dataflow,ESTAT:ISOC_EC_IBUY(1.0),Internet purchases by individuals (2002-2019),A,Annual,I_BFOOD,Online purchases: Food/groceries,IND_TOTAL,All individuals,PC_IND,Percentage of individuals,DK,Denmark,2015,,13.61,,,,,
dataflow,ESTAT:ISOC_EC_IBUY(1.0),Internet purchases by individuals (2002-2019),A,Annual,I_BFOOD,Online purchases: Food/groceries,IND_TOTAL,All individuals,PC_IND,Percentage of individuals,DK,Denmark,2016,,16.30,,,,,
dataflow,ESTAT:ISOC_EC_IBUY(1.0),Internet purchases by individuals (2002-2019),A,Annual,I_BFOOD,Online purchases: Food/groceries,IND_TOTAL,All individuals,PC_IND,Percentage of individuals,DK,Denmark,2017,,17.75,,,,,
dataflow,ESTAT:ISOC_EC_IBUY(1.0),Internet purchases by individuals (2002-2019),A,Annual,I_BFOOD,Online purchases: Food/groceries,IND_TOTAL,All individuals,PC_IND,Percentage of individuals,DK,Denmark,2018,,19.32,,,,,
dataflow,ESTAT:ISOC_EC_IBUY(1.0),Internet purchases by individuals (2002-2019),A,Annual,I_BFOOD,Online purchases: Food/groceries,IND_TOTAL,All individuals,PC_IND,Percentage of individuals,DK,Denmark,2019,,22.84,,,,,
dataflow,ESTAT:ISOC_EC_IBUY(1.0),Internet purchases by individuals (2002-2019),A,Annual,I_BFOOD,Online purchases: Food/groceries,IND_TOTAL,All individuals,PC_IND,Percentage of individuals,EA,"Euro area (EA11-1999, EA12-2001, EA13-2007, EA15-2008, EA16-2009, EA17-2011, EA18-2014, EA19-2015, EA20-2023, EA21-2026)",2010,,4.10,,,,,
dataflow,ESTAT:ISOC_EC_IBUY(1.0),Internet purchases by individuals (2002-2019),A,Annual,I_BFOOD,Online purchases: Food/groceries,IND_TOTAL,All individuals,PC_IND,Percentage of individuals,EA,"Euro area (EA11-1999, EA12-2001, EA13-2007, EA15-2008, EA16-2009, EA17-2011, EA18-2014, EA19-2015, EA20-2023, EA21-2026)",2011,,5.17,,,,,
dataflow,ESTAT:ISOC_EC_IBUY(1.0),Internet purchases by individuals (2002-2019),A,Annual,I_BFOOD,Online purchases: Food/groceries,IND_TOTAL,All individuals,PC_IND,Percentage of individuals,EA,"Euro area (EA11-1999, EA12-2001, EA13-2007, EA15-2008, EA16-2009, EA17-2011, EA18-2014, EA19-2015, EA20-2023, EA21-2026)",2012,,5.48,,,,,
dataflow,ESTAT:ISOC_EC_IBUY(1.0),Internet purchases by individuals (2002-2019),A,Annual,I_BFOOD,Online purchases: Food/groceries,IND_TOTAL,All individuals,PC_IND,Percentage of individuals,EA,"Euro area (EA11-1999, EA12-2001, EA13-2007, EA15-2008, EA16-2009, EA17-2011, EA18-2014, EA19-2015, EA20-2023, EA21-2026)",2013,,6.32,,,,,
dataflow,ESTAT:ISOC_EC_IBUY(1.0),Internet purchases by individuals (2002-2019),A,Annual,I_BFOOD,Online purchases: Food/groceries,IND_TOTAL,All individuals,PC_IND,Percentage of individuals,EA,"Euro area (EA11-1999, EA12-2001, EA13-2007, EA15-2008, EA16-2009, EA17-2011, EA18-2014, EA19-2015, EA20-2023, EA21-2026)",2014,,7.37,,,,,
dataflow,ESTAT:ISOC_EC_IBUY(1.0),Internet purchases by individuals (2002-2019),A,Annual,I_BFOOD,Online purchases: Food/groceries,IND_TOTAL,All individuals,PC_IND,Percentage of individuals,EA,"Euro area (EA11-1999, EA12-2001, EA13-2007, EA15-2008, EA16-2009, EA17-2011, EA18-2014, EA19-2015, EA20-2023, EA21-2026)",2015,,7.62,,,,,
dataflow,ESTAT:ISOC_EC_IBUY(1.0),Internet purchases by individuals (2002-2019),A,Annual,I_BFOOD,Online purchases: Food/groceries,IND_TOTAL,All individuals,PC_IND,Percentage of individuals,EA,"Euro area (EA11-1999, EA12-2001, EA13-2007, EA15-2008, EA16-2009, EA17-2011, EA18-2014, EA19-2015, EA20-2023, EA21-2026)",2016,,11.08,,,,,
dataflow,ESTAT:ISOC_EC_IBUY(1.0),Internet purchases by individuals (2002-2019),A,Annual,I_BFOOD,Online purchases: Food/groceries,IND_TOTAL,All individuals,PC_IND,Percentage of individuals,EA,"Euro area (EA11-1999, EA12-2001, EA13-2007, EA15-2008, EA16-2009, EA17-2011, EA18-2014, EA19-2015, EA20-2023, EA21-2026)",2017,,12.86,,,,,
dataflow,ESTAT:ISOC_EC_IBUY(1.0),Internet purchases by individuals (2002-2019),A,Annual,I_BFOOD,Online purchases: Food/groceries,IND_TOTAL,All individuals,PC_IND,Percentage of individuals,EA,"Euro area (EA11-1999, EA12-2001, EA13-2007, EA15-2008, EA16-2009, EA17-2011, EA18-2014, EA19-2015, EA20-2023, EA21-2026)",2018,,13.19,,,,,
dataflow,ESTAT:ISOC_EC_IBUY(1.0),Internet purchases by individuals (2002-2019),A,Annual,I_BFOOD,Online purchases: Food/groceries,IND_TOTAL,All individuals,PC_IND,Percentage of individuals,EA,"Euro area (EA11-1999, EA12-2001, EA13-2007, EA15-2008, EA16-2009, EA17-2011, EA18-2014, EA19-2015, EA20-2023, EA21-2026)",2019,,15.99,,,,,
dataflow,ESTAT:ISOC_EC_IBUY(1.0),Internet purchases by individuals (2002-2019),A,Annual,I_BFOOD,Online purchases: Food/groceries,IND_TOTAL,All individuals,PC_IND,Percentage of individuals,EE,Estonia,2010,,1.15,,,,,
dataflow,ESTAT:ISOC_EC_IBUY(1.0),Internet purchases by individuals (2002-2019),A,Annual,I_BFOOD,Online purchases: Food/groceries,IND_TOTAL,All individuals,PC_IND,Percentage of individuals,EE,Estonia,2011,,1.66,,,,,
dataflow,ESTAT:ISOC_EC_IBUY(1.0),Internet purchases by individuals (2002-2019),A,Annual,I_BFOOD,Online purchases: Food/groceries,IND_TOTAL,All individuals,PC_IND,Percentage of individuals,EE,Estonia,2012,,2.27,,,,,
dataflow,ESTAT:ISOC_EC_IBUY(1.0),Internet purchases by individuals (2002-2019),A,Annual,I_BFOOD,Online purchases: Food/groceries,IND_TOTAL,All individuals,PC_IND,Percentage of individuals,EE,Estonia,2013,,2.74,,,,,
dataflow,ESTAT:ISOC_EC_IBUY(1.0),Internet purchases by individuals (2002-2019),A,Annual,I_BFOOD,Online purchases: Food/groceries,IND_TOTAL,All individuals,PC_IND,Percentage of individuals,EE,Estonia,2014,,6.09,,b,break in time series,,
dataflow,ESTAT:ISOC_EC_IBUY(1.0),Internet purchases by individuals (2002-2019),A,Annual,I_BFOOD,Online purchases: Food/groceries,IND_TOTAL,All individuals,PC_IND,Percentage of individuals,EE,Estonia,2015,,14.09,,,,,
dataflow,ESTAT:ISOC_EC_IBUY(1.0),Internet purchases by individuals (2002-2019),A,Annual,I_BFOOD,Online purchases: Food/groceries,IND_TOTAL,All individuals,PC_IND,Percentage of individuals,EE,Estonia,2016,,15.04,,,,,
dataflow,ESTAT:ISOC_EC_IBUY(1.0),Internet purchases by individuals (2002-2019),A,Annual,I_BFOOD,Online purchases: Food/groceries,IND_TOTAL,All individuals,PC_IND,Percentage of individuals,EE,Estonia,2017,,20.08,,,,,
dataflow,ESTAT:ISOC_EC_IBUY(1.0),Internet purchases by individuals (2002-2019),A,Annual,I_BFOOD,Online purchases: Food/groceries,IND_TOTAL,All individuals,PC_IND,Percentage of individuals,EE,Estonia,2018,,20.67,,,,,
dataflow,ESTAT:ISOC_EC_IBUY(1.0),Internet purchases by individuals (2002-2019),A,Annual,I_BFOOD,Online purchases: Food/groceries,IND_TOTAL,All individuals,PC_IND,Percentage of individuals,EE,Estonia,2019,,22.87,,,,,
dataflow,ESTAT:ISOC_EC_IBUY(1.0),Internet purchases by individuals (2002-2019),A,Annual,I_BFOOD,Online purchases: Food/groceries,IND_TOTAL,All individuals,PC_IND,Percentage of individuals,EL,Greece,2010,,0.29,,,,,
dataflow,ESTAT:ISOC_EC_IBUY(1.0),Internet purchases by individuals (2002-2019),A,Annual,I_BFOOD,Online purchases: Food/groceries,IND_TOTAL,All individuals,PC_IND,Percentage of individuals,EL,Greece,2011,,0.92,,,,,
dataflow,ESTAT:ISOC_EC_IBUY(1.0),Internet purchases by individuals (2002-2019),A,Annual,I_BFOOD,Online purchases: Food/groceries,IND_TOTAL,All individuals,PC_IND,Percentage of individuals,EL,Greece,2012,,1.33,,,,,
dataflow,ESTAT:ISOC_EC_IBUY(1.0),Internet purchases by individuals (2002-2019),A,Annual,I_BFOOD,Online purchases: Food/groceries,IND_TOTAL,All individuals,PC_IND,Percentage of individuals,EL,Greece,2013,,1.43,,,,,
dataflow,ESTAT:ISOC_EC_IBUY(1.0),Internet purchases by individuals (2002-2019),A,Annual,I_BFOOD,Online purchases: Food/groceries,IND_TOTAL,All individuals,PC_IND,Percentage of individuals,EL,Greece,2014,,1.50,,,,,
dataflow,ESTAT:ISOC_EC_IBUY(1.0),Internet purchases by individuals (2002-2019),A,Annual,I_BFOOD,Online purchases: Food/groceries,IND_TOTAL,All individuals,PC_IND,Percentage of individuals,EL,Greece,2015,,1.76,,,,,
dataflow,ESTAT:ISOC_EC_IBUY(1.0),Internet purchases by individuals (2002-2019),A,Annual,I_BFOOD,Online purchases: Food/groceries,IND_TOTAL,All individuals,PC_IND,Percentage of individuals,EL,Greece,2016,,1.93,,,,,
dataflow,ESTAT:ISOC_EC_IBUY(1.0),Internet purchases by individuals (2002-2019),A,Annual,I_BFOOD,Online purchases: Food/groceries,IND_TOTAL,All individuals,PC_IND,Percentage of individuals,EL,Greece,2017,,3.00,,,,,
dataflow,ESTAT:ISOC_EC_IBUY(1.0),Internet purchases by individuals (2002-2019),A,Annual,I_BFOOD,Online purchases: Food/groceries,IND_TOTAL,All individuals,PC_IND,Percentage of individuals,EL,Greece,2018,,8.33,,,,,
dataflow,ESTAT:ISOC_EC_IBUY(1.0),Internet purchases by individuals (2002-2019),A,Annual,I_BFOOD,Online purchases: Food/groceries,IND_TOTAL,All individuals,PC_IND,Percentage of individuals,EL,Greece,2019,,9.46,,,,,
dataflow,ESTAT:ISOC_EC_IBUY(1.0),Internet purchases by individuals (2002-2019),A,Annual,I_BFOOD,Online purchases: Food/groceries,IND_TOTAL,All individuals,PC_IND,Percentage of individuals,ES,Spain,2010,,2.45,,,,,
dataflow,ESTAT:ISOC_EC_IBUY(1.0),Internet purchases by individuals (2002-2019),A,Annual,I_BFOOD,Online purchases: Food/groceries,IND_TOTAL,All individuals,PC_IND,Percentage of individuals,ES,Spain,2011,,3.10,,,,,
dataflow,ESTAT:ISOC_EC_IBUY(1.0),Internet purchases by individuals (2002-2019),A,Annual,I_BFOOD,Online purchases: Food/groceries,IND_TOTAL,All individuals,PC_IND,Percentage of individuals,ES,Spain,2012,,4.08,,,,,
dataflow,ESTAT:ISOC_EC_IBUY(1.0),Internet purchases by individuals (2002-2019),A,Annual,I_BFOOD,Online purchases: Food/groceries,IND_TOTAL,All individuals,PC_IND,Percentage of individuals,ES,Spain,2013,,3.85,,,,,
dataflow,ESTAT:ISOC_EC_IBUY(1.0),Internet purchases by individuals (2002-2019),A,Annual,I_BFOOD,Online purchases: Food/groceries,IND_TOTAL,All individuals,PC_IND,Percentage of individuals,ES,Spain,2014,,5.08,,,,,
dataflow,ESTAT:ISOC_EC_IBUY(1.0),Internet purchases by individuals (2002-2019),A,Annual,I_BFOOD,Online purchases: Food/groceries,IND_TOTAL,All individuals,PC_IND,Percentage of individuals,ES,Spain,2015,,5.94,,,,,
dataflow,ESTAT:ISOC_EC_IBUY(1.0),Internet purchases by individuals (2002-2019),A,Annual,I_BFOOD,Online purchases: Food/groceries,IND_TOTAL,All individuals,PC_IND,Percentage of individuals,ES,Spain,2016,,6.78,,,,,
dataflow,ESTAT:ISOC_EC_IBUY(1.0),Internet purchases by individuals (2002-2019),A,Annual,I_BFOOD,Online purchases: Food/groceries,IND_TOTAL,All individuals,PC_IND,Percentage of individuals,ES,Spain,2017,,8.13,,,,,
dataflow,ESTAT:ISOC_EC_IBUY(1.0),Internet purchases by individuals (2002-2019),A,Annual,I_BFOOD,Online purchases: Food/groceries,IND_TOTAL,All individuals,PC_IND,Percentage of individuals,ES,Spain,2018,,10.34,,,,,
dataflow,ESTAT:ISOC_EC_IBUY(1.0),Internet purchases by individuals (2002-2019),A,Annual,I_BFOOD,Online purchases: Food/groceries,IND_TOTAL,All individuals,PC_IND,Percentage of individuals,ES,Spain,2019,,15.14,,,,,
dataflow,ESTAT:ISOC_EC_IBUY(1.0),Internet purchases by individuals (2002-2019),A,Annual,I_BFOOD,Online purchases: Food/groceries,IND_TOTAL,All individuals,PC_IND,Percentage of individuals,EU15,European Union - 15 countries (1995-2004),2010,,6.04,,,,,
dataflow,ESTAT:ISOC_EC_IBUY(1.0),Internet purchases by individuals (2002-2019),A,Annual,I_BFOOD,Online purchases: Food/groceries,IND_TOTAL,All individuals,PC_IND,Percentage of individuals,EU15,European Union - 15 countries (1995-2004),2011,,7.37,,,,,
dataflow,ESTAT:ISOC_EC_IBUY(1.0),Internet purchases by individuals (2002-2019),A,Annual,I_BFOOD,Online purchases: Food/groceries,IND_TOTAL,All individuals,PC_IND,Percentage of individuals,EU15,European Union - 15 countries (1995-2004),2012,,7.69,,,,,
dataflow,ESTAT:ISOC_EC_IBUY(1.0),Internet purchases by individuals (2002-2019),A,Annual,I_BFOOD,Online purchases: Food/groceries,IND_TOTAL,All individuals,PC_IND,Percentage of individuals,EU15,European Union - 15 countries (1995-2004),2013,,8.99,,,,,
dataflow,ESTAT:ISOC_EC_IBUY(1.0),Internet purchases by individuals (2002-2019),A,Annual,I_BFOOD,Online purchases: Food/groceries,IND_TOTAL,All individuals,PC_IND,Percentage of individuals,EU15,European Union - 15 countries (1995-2004),2014,,10.32,,,,,
dataflow,ESTAT:ISOC_EC_IBUY(1.0),Internet purchases by individuals (2002-2019),A,Annual,I_BFOOD,Online purchases: Food/groceries,IND_TOTAL,All individuals,PC_IND,Percentage of individuals,EU15,European Union - 15 countries (1995-2004),2015,,10.60,,,,,
dataflow,ESTAT:ISOC_EC_IBUY(1.0),Internet purchases by individuals (2002-2019),A,Annual,I_BFOOD,Online purchases: Food/groceries,IND_TOTAL,All individuals,PC_IND,Percentage of individuals,EU15,European Union - 15 countries (1995-2004),2016,,14.07,,,,,
dataflow,ESTAT:ISOC_EC_IBUY(1.0),Internet purchases by individuals (2002-2019),A,Annual,I_BFOOD,Online purchases: Food/groceries,IND_TOTAL,All individuals,PC_IND,Percentage of individuals,EU15,European Union - 15 countries (1995-2004),2017,,15.38,,,,,
dataflow,ESTAT:ISOC_EC_IBUY(1.0),Internet purchases by individuals (2002-2019),A,Annual,I_BFOOD,Online purchases: Food/groceries,IND_TOTAL,All individuals,PC_IND,Percentage of individuals,EU15,European Union - 15 countries (1995-2004),2018,,16.21,,,,,
dataflow,ESTAT:ISOC_EC_IBUY(1.0),Internet purchases by individuals (2002-2019),A,Annual,I_BFOOD,Online purchases: Food/groceries,IND_TOTAL,All individuals,PC_IND,Percentage of individuals,EU25,European Union - 25 countries (2004-2006),2010,,5.62,,,,,
dataflow,ESTAT:ISOC_EC_IBUY(1.0),Internet purchases by individuals (2002-2019),A,Annual,I_BFOOD,Online purchases: Food/groceries,IND_TOTAL,All individuals,PC_IND,Percentage of individuals,EU27_2007,European Union - 27 countries (2007-2013),2010,,5.30,,,,,
dataflow,ESTAT:ISOC_EC_IBUY(1.0),Internet purchases by individuals (2002-2019),A,Annual,I_BFOOD,Online purchases: Food/groceries,IND_TOTAL,All individuals,PC_IND,Percentage of individuals,EU27_2007,European Union - 27 countries (2007-2013),2011,,6.41,,,,,
dataflow,ESTAT:ISOC_EC_IBUY(1.0),Internet purchases by individuals (2002-2019),A,Annual,I_BFOOD,Online purchases: Food/groceries,IND_TOTAL,All individuals,PC_IND,Percentage of individuals,EU27_2007,European Union - 27 countries (2007-2013),2012,,6.77,,,,,
dataflow,ESTAT:ISOC_EC_IBUY(1.0),Internet purchases by individuals (2002-2019),A,Annual,I_BFOOD,Online purchases: Food/groceries,IND_TOTAL,All individuals,PC_IND,Percentage of individuals,EU27_2007,European Union - 27 countries (2007-2013),2013,,7.98,,,,,
dataflow,ESTAT:ISOC_EC_IBUY(1.0),Internet purchases by individuals (2002-2019),A,Annual,I_BFOOD,Online purchases: Food/groceries,IND_TOTAL,All individuals,PC_IND,Percentage of individuals,EU27_2007,European Union - 27 countries (2007-2013),2014,,9.16,,,,,
dataflow,ESTAT:ISOC_EC_IBUY(1.0),Internet purchases by individuals (2002-2019),A,Annual,I_BFOOD,Online purchases: Food/groceries,IND_TOTAL,All individuals,PC_IND,Percentage of individuals,EU27_2007,European Union - 27 countries (2007-2013),2015,,9.38,,,,,
dataflow,ESTAT:ISOC_EC_IBUY(1.0),Internet purchases by individuals (2002-2019),A,Annual,I_BFOOD,Online purchases: Food/groceries,IND_TOTAL,All individuals,PC_IND,Percentage of individuals,EU27_2007,European Union - 27 countries (2007-2013),2016,,12.51,,,,,
dataflow,ESTAT:ISOC_EC_IBUY(1.0),Internet purchases by individuals (2002-2019),A,Annual,I_BFOOD,Online purchases: Food/groceries,IND_TOTAL,All individuals,PC_IND,Percentage of individuals,EU27_2007,European Union - 27 countries (2007-2013),2017,,13.90,,,,,
dataflow,ESTAT:ISOC_EC_IBUY(1.0),Internet purchases by individuals (2002-2019),A,Annual,I_BFOOD,Online purchases: Food/groceries,IND_TOTAL,All individuals,PC_IND,Percentage of individuals,EU27_2007,European Union - 27 countries (2007-2013),2018,,14.80,,,,,
dataflow,ESTAT:ISOC_EC_IBUY(1.0),Internet purchases by individuals (2002-2019),A,Annual,I_BFOOD,Online purchases: Food/groceries,IND_TOTAL,All individuals,PC_IND,Percentage of individuals,EU27_2020,European Union - 27 countries (from 2020),2010,,3.76,,,,,
dataflow,ESTAT:ISOC_EC_IBUY(1.0),Internet purchases by individuals (2002-2019),A,Annual,I_BFOOD,Online purchases: Food/groceries,IND_TOTAL,All individuals,PC_IND,Percentage of individuals,EU27_2020,European Union - 27 countries (from 2020),2011,,4.69,,,,,
dataflow,ESTAT:ISOC_EC_IBUY(1.0),Internet purchases by individuals (2002-2019),A,Annual,I_BFOOD,Online purchases: Food/groceries,IND_TOTAL,All individuals,PC_IND,Percentage of individuals,EU27_2020,European Union - 27 countries (from 2020),2012,,5.05,,,,,
dataflow,ESTAT:ISOC_EC_IBUY(1.0),Internet purchases by individuals (2002-2019),A,Annual,I_BFOOD,Online purchases: Food/groceries,IND_TOTAL,All individuals,PC_IND,Percentage of individuals,EU27_2020,European Union - 27 countries (from 2020),2013,,5.93,,,,,
dataflow,ESTAT:ISOC_EC_IBUY(1.0),Internet purchases by individuals (2002-2019),A,Annual,I_BFOOD,Online purchases: Food/groceries,IND_TOTAL,All individuals,PC_IND,Percentage of individuals,EU27_2020,European Union - 27 countries (from 2020),2014,,6.86,,,,,
dataflow,ESTAT:ISOC_EC_IBUY(1.0),Internet purchases by individuals (2002-2019),A,Annual,I_BFOOD,Online purchases: Food/groceries,IND_TOTAL,All individuals,PC_IND,Percentage of individuals,EU27_2020,European Union - 27 countries (from 2020),2015,,7.02,,,,,
dataflow,ESTAT:ISOC_EC_IBUY(1.0),Internet purchases by individuals (2002-2019),A,Annual,I_BFOOD,Online purchases: Food/groceries,IND_TOTAL,All individuals,PC_IND,Percentage of individuals,EU27_2020,European Union - 27 countries (from 2020),2016,,10.06,,,,,
dataflow,ESTAT:ISOC_EC_IBUY(1.0),Internet purchases by individuals (2002-2019),A,Annual,I_BFOOD,Online purchases: Food/groceries,IND_TOTAL,All individuals,PC_IND,Percentage of individuals,EU27_2020,European Union - 27 countries (from 2020),2017,,11.80,,,,,
dataflow,ESTAT:ISOC_EC_IBUY(1.0),Internet purchases by individuals (2002-2019),A,Annual,I_BFOOD,Online purchases: Food/groceries,IND_TOTAL,All individuals,PC_IND,Percentage of individuals,EU27_2020,European Union - 27 countries (from 2020),2018,,12.43,,,,,
dataflow,ESTAT:ISOC_EC_IBUY(1.0),Internet purchases by individuals (2002-2019),A,Annual,I_BFOOD,Online purchases: Food/groceries,IND_TOTAL,All individuals,PC_IND,Percentage of individuals,EU27_2020,European Union - 27 countries (from 2020),2019,,15.07,,,,,
dataflow,ESTAT:ISOC_EC_IBUY(1.0),Internet purchases by individuals (2002-2019),A,Annual,I_BFOOD,Online purchases: Food/groceries,IND_TOTAL,All individuals,PC_IND,Percentage of individuals,EU28,European Union - 28 countries (2013-2020),2010,,5.26,,,,,
dataflow,ESTAT:ISOC_EC_IBUY(1.0),Internet purchases by individuals (2002-2019),A,Annual,I_BFOOD,Online purchases: Food/groceries,IND_TOTAL,All individuals,PC_IND,Percentage of individuals,EU28,European Union - 28 countries (2013-2020),2011,,6.36,,,,,
dataflow,ESTAT:ISOC_EC_IBUY(1.0),Internet purchases by individuals (2002-2019),A,Annual,I_BFOOD,Online purchases: Food/groceries,IND_TOTAL,All individuals,PC_IND,Percentage of individuals,EU28,European Union - 28 countries (2013-2020),2012,,6.72,,,,,
dataflow,ESTAT:ISOC_EC_IBUY(1.0),Internet purchases by individuals (2002-2019),A,Annual,I_BFOOD,Online purchases: Food/groceries,IND_TOTAL,All individuals,PC_IND,Percentage of individuals,EU28,European Union - 28 countries (2013-2020),2013,,7.93,,,,,
dataflow,ESTAT:ISOC_EC_IBUY(1.0),Internet purchases by individuals (2002-2019),A,Annual,I_BFOOD,Online purchases: Food/groceries,IND_TOTAL,All individuals,PC_IND,Percentage of individuals,EU28,European Union - 28 countries (2013-2020),2014,,9.10,,,,,
dataflow,ESTAT:ISOC_EC_IBUY(1.0),Internet purchases by individuals (2002-2019),A,Annual,I_BFOOD,Online purchases: Food/groceries,IND_TOTAL,All individuals,PC_IND,Percentage of individuals,EU28,European Union - 28 countries (2013-2020),2015,,9.32,,,,,
dataflow,ESTAT:ISOC_EC_IBUY(1.0),Internet purchases by individuals (2002-2019),A,Annual,I_BFOOD,Online purchases: Food/groceries,IND_TOTAL,All individuals,PC_IND,Percentage of individuals,EU28,European Union - 28 countries (2013-2020),2016,,12.42,,,,,
dataflow,ESTAT:ISOC_EC_IBUY(1.0),Internet purchases by individuals (2002-2019),A,Annual,I_BFOOD,Online purchases: Food/groceries,IND_TOTAL,All individuals,PC_IND,Percentage of individuals,EU28,European Union - 28 countries (2013-2020),2017,,13.79,,,,,
dataflow,ESTAT:ISOC_EC_IBUY(1.0),Internet purchases by individuals (2002-2019),A,Annual,I_BFOOD,Online purchases: Food/groceries,IND_TOTAL,All individuals,PC_IND,Percentage of individuals,EU28,European Union - 28 countries (2013-2020),2018,,14.70,,,,,
dataflow,ESTAT:ISOC_EC_IBUY(1.0),Internet purchases by individuals (2002-2019),A,Annual,I_BFOOD,Online purchases: Food/groceries,IND_TOTAL,All individuals,PC_IND,Percentage of individuals,EU28,European Union - 28 countries (2013-2020),2019,,17.01,,,,,
dataflow,ESTAT:ISOC_EC_IBUY(1.0),Internet purchases by individuals (2002-2019),A,Annual,I_BFOOD,Online purchases: Food/groceries,IND_TOTAL,All individuals,PC_IND,Percentage of individuals,FI,Finland,2010,,1.26,,,,,
dataflow,ESTAT:ISOC_EC_IBUY(1.0),Internet purchases by individuals (2002-2019),A,Annual,I_BFOOD,Online purchases: Food/groceries,IND_TOTAL,All individuals,PC_IND,Percentage of individuals,FI,Finland,2011,,2.44,,,,,
dataflow,ESTAT:ISOC_EC_IBUY(1.0),Internet purchases by individuals (2002-2019),A,Annual,I_BFOOD,Online purchases: Food/groceries,IND_TOTAL,All individuals,PC_IND,Percentage of individuals,FI,Finland,2012,,3.31,,,,,
dataflow,ESTAT:ISOC_EC_IBUY(1.0),Internet purchases by individuals (2002-2019),A,Annual,I_BFOOD,Online purchases: Food/groceries,IND_TOTAL,All individuals,PC_IND,Percentage of individuals,FI,Finland,2013,,3.08,,,,,
dataflow,ESTAT:ISOC_EC_IBUY(1.0),Internet purchases by individuals (2002-2019),A,Annual,I_BFOOD,Online purchases: Food/groceries,IND_TOTAL,All individuals,PC_IND,Percentage of individuals,FI,Finland,2014,,3.69,,,,,
dataflow,ESTAT:ISOC_EC_IBUY(1.0),Internet purchases by individuals (2002-2019),A,Annual,I_BFOOD,Online purchases: Food/groceries,IND_TOTAL,All individuals,PC_IND,Percentage of individuals,FI,Finland,2015,,3.94,,,,,
dataflow,ESTAT:ISOC_EC_IBUY(1.0),Internet purchases by individuals (2002-2019),A,Annual,I_BFOOD,Online purchases: Food/groceries,IND_TOTAL,All individuals,PC_IND,Percentage of individuals,FI,Finland,2016,,5.02,,,,,
dataflow,ESTAT:ISOC_EC_IBUY(1.0),Internet purchases by individuals (2002-2019),A,Annual,I_BFOOD,Online purchases: Food/groceries,IND_TOTAL,All individuals,PC_IND,Percentage of individuals,FI,Finland,2017,,6.26,,,,,
dataflow,ESTAT:ISOC_EC_IBUY(1.0),Internet purchases by individuals (2002-2019),A,Annual,I_BFOOD,Online purchases: Food/groceries,IND_TOTAL,All individuals,PC_IND,Percentage of individuals,FI,Finland,2018,,6.36,,,,,
dataflow,ESTAT:ISOC_EC_IBUY(1.0),Internet purchases by individuals (2002-2019),A,Annual,I_BFOOD,Online purchases: Food/groceries,IND_TOTAL,All individuals,PC_IND,Percentage of individuals,FI,Finland,2019,,8.93,,,,,
dataflow,ESTAT:ISOC_EC_IBUY(1.0),Internet purchases by individuals (2002-2019),A,Annual,I_BFOOD,Online purchases: Food/groceries,IND_TOTAL,All individuals,PC_IND,Percentage of individuals,FR,France,2010,,5.24,,,,,
dataflow,ESTAT:ISOC_EC_IBUY(1.0),Internet purchases by individuals (2002-2019),A,Annual,I_BFOOD,Online purchases: Food/groceries,IND_TOTAL,All individuals,PC_IND,Percentage of individuals,FR,France,2011,,6.40,,,,,
dataflow,ESTAT:ISOC_EC_IBUY(1.0),Internet purchases by individuals (2002-2019),A,Annual,I_BFOOD,Online purchases: Food/groceries,IND_TOTAL,All individuals,PC_IND,Percentage of individuals,FR,France,2012,,6.81,,,,,
dataflow,ESTAT:ISOC_EC_IBUY(1.0),Internet purchases by individuals (2002-2019),A,Annual,I_BFOOD,Online purchases: Food/groceries,IND_TOTAL,All individuals,PC_IND,Percentage of individuals,FR,France,2013,,9.00,,,,,
dataflow,ESTAT:ISOC_EC_IBUY(1.0),Internet purchases by individuals (2002-2019),A,Annual,I_BFOOD,Online purchases: Food/groceries,IND_TOTAL,All individuals,PC_IND,Percentage of individuals,FR,France,2014,,11.39,,,,,
dataflow,ESTAT:ISOC_EC_IBUY(1.0),Internet purchases by individuals (2002-2019),A,Annual,I_BFOOD,Online purchases: Food/groceries,IND_TOTAL,All individuals,PC_IND,Percentage of individuals,FR,France,2015,,10.01,,,,,
dataflow,ESTAT:ISOC_EC_IBUY(1.0),Internet purchases by individuals (2002-2019),A,Annual,I_BFOOD,Online purchases: Food/groceries,IND_TOTAL,All individuals,PC_IND,Percentage of individuals,FR,France,2016,,13.89,,,,,
dataflow,ESTAT:ISOC_EC_IBUY(1.0),Internet purchases by individuals (2002-2019),A,Annual,I_BFOOD,Online purchases: Food/groceries,IND_TOTAL,All individuals,PC_IND,Percentage of individuals,FR,France,2017,,14.52,,,,,
dataflow,ESTAT:ISOC_EC_IBUY(1.0),Internet purchases by individuals (2002-2019),A,Annual,I_BFOOD,Online purchases: Food/groceries,IND_TOTAL,All individuals,PC_IND,Percentage of individuals,FR,France,2018,,14.86,,,,,
dataflow,ESTAT:ISOC_EC_IBUY(1.0),Internet purchases by individuals (2002-2019),A,Annual,I_BFOOD,Online purchases: Food/groceries,IND_TOTAL,All individuals,PC_IND,Percentage of individuals,FR,France,2019,,16.52,,,,,
dataflow,ESTAT:ISOC_EC_IBUY(1.0),Internet purchases by individuals (2002-2019),A,Annual,I_BFOOD,Online purchases: Food/groceries,IND_TOTAL,All individuals,PC_IND,Percentage of individuals,HR,Croatia,2010,,0.44,,,,,
dataflow,ESTAT:ISOC_EC_IBUY(1.0),Internet purchases by individuals (2002-2019),A,Annual,I_BFOOD,Online purchases: Food/groceries,IND_TOTAL,All individuals,PC_IND,Percentage of individuals,HR,Croatia,2011,,1.07,,,,,
dataflow,ESTAT:ISOC_EC_IBUY(1.0),Internet purchases by individuals (2002-2019),A,Annual,I_BFOOD,Online purchases: Food/groceries,IND_TOTAL,All individuals,PC_IND,Percentage of individuals,HR,Croatia,2012,,1.20,,,,,
dataflow,ESTAT:ISOC_EC_IBUY(1.0),Internet purchases by individuals (2002-2019),A,Annual,I_BFOOD,Online purchases: Food/groceries,IND_TOTAL,All individuals,PC_IND,Percentage of individuals,HR,Croatia,2013,,1.62,,,,,
dataflow,ESTAT:ISOC_EC_IBUY(1.0),Internet purchases by individuals (2002-2019),A,Annual,I_BFOOD,Online purchases: Food/groceries,IND_TOTAL,All individuals,PC_IND,Percentage of individuals,HR,Croatia,2014,,1.48,,,,,
dataflow,ESTAT:ISOC_EC_IBUY(1.0),Internet purchases by individuals (2002-2019),A,Annual,I_BFOOD,Online purchases: Food/groceries,IND_TOTAL,All individuals,PC_IND,Percentage of individuals,HR,Croatia,2015,,1.76,,,,,
dataflow,ESTAT:ISOC_EC_IBUY(1.0),Internet purchases by individuals (2002-2019),A,Annual,I_BFOOD,Online purchases: Food/groceries,IND_TOTAL,All individuals,PC_IND,Percentage of individuals,HR,Croatia,2016,,1.57,,,,,
dataflow,ESTAT:ISOC_EC_IBUY(1.0),Internet purchases by individuals (2002-2019),A,Annual,I_BFOOD,Online purchases: Food/groceries,IND_TOTAL,All individuals,PC_IND,Percentage of individuals,HR,Croatia,2017,,1.54,,,,,
dataflow,ESTAT:ISOC_EC_IBUY(1.0),Internet purchases by individuals (2002-2019),A,Annual,I_BFOOD,Online purchases: Food/groceries,IND_TOTAL,All individuals,PC_IND,Percentage of individuals,HR,Croatia,2018,,2.25,,,,,
dataflow,ESTAT:ISOC_EC_IBUY(1.0),Internet purchases by individuals (2002-2019),A,Annual,I_BFOOD,Online purchases: Food/groceries,IND_TOTAL,All individuals,PC_IND,Percentage of individuals,HR,Croatia,2019,,2.40,,,,,
dataflow,ESTAT:ISOC_EC_IBUY(1.0),Internet purchases by individuals (2002-2019),A,Annual,I_BFOOD,Online purchases: Food/groceries,IND_TOTAL,All individuals,PC_IND,Percentage of individuals,HU,Hungary,2010,,1.23,,,,,
dataflow,ESTAT:ISOC_EC_IBUY(1.0),Internet purchases by individuals (2002-2019),A,Annual,I_BFOOD,Online purchases: Food/groceries,IND_TOTAL,All individuals,PC_IND,Percentage of individuals,HU,Hungary,2011,,1.48,,,,,
dataflow,ESTAT:ISOC_EC_IBUY(1.0),Internet purchases by individuals (2002-2019),A,Annual,I_BFOOD,Online purchases: Food/groceries,IND_TOTAL,All individuals,PC_IND,Percentage of individuals,HU,Hungary,2012,,2.05,,,,,
dataflow,ESTAT:ISOC_EC_IBUY(1.0),Internet purchases by individuals (2002-2019),A,Annual,I_BFOOD,Online purchases: Food/groceries,IND_TOTAL,All individuals,PC_IND,Percentage of individuals,HU,Hungary,2013,,3.17,,,,,
dataflow,ESTAT:ISOC_EC_IBUY(1.0),Internet purchases by individuals (2002-2019),A,Annual,I_BFOOD,Online purchases: Food/groceries,IND_TOTAL,All individuals,PC_IND,Percentage of individuals,HU,Hungary,2014,,3.70,,,,,
dataflow,ESTAT:ISOC_EC_IBUY(1.0),Internet purchases by individuals (2002-2019),A,Annual,I_BFOOD,Online purchases: Food/groceries,IND_TOTAL,All individuals,PC_IND,Percentage of individuals,HU,Hungary,2015,,3.73,,,,,
dataflow,ESTAT:ISOC_EC_IBUY(1.0),Internet purchases by individuals (2002-2019),A,Annual,I_BFOOD,Online purchases: Food/groceries,IND_TOTAL,All individuals,PC_IND,Percentage of individuals,HU,Hungary,2016,,3.54,,,,,
dataflow,ESTAT:ISOC_EC_IBUY(1.0),Internet purchases by individuals (2002-2019),A,Annual,I_BFOOD,Online purchases: Food/groceries,IND_TOTAL,All individuals,PC_IND,Percentage of individuals,HU,Hungary,2017,,3.76,,,,,
dataflow,ESTAT:ISOC_EC_IBUY(1.0),Internet purchases by individuals (2002-2019),A,Annual,I_BFOOD,Online purchases: Food/groceries,IND_TOTAL,All individuals,PC_IND,Percentage of individuals,HU,Hungary,2018,,5.11,,,,,
dataflow,ESTAT:ISOC_EC_IBUY(1.0),Internet purchases by individuals (2002-2019),A,Annual,I_BFOOD,Online purchases: Food/groceries,IND_TOTAL,All individuals,PC_IND,Percentage of individuals,HU,Hungary,2019,,6.50,,,,,
dataflow,ESTAT:ISOC_EC_IBUY(1.0),Internet purchases by individuals (2002-2019),A,Annual,I_BFOOD,Online purchases: Food/groceries,IND_TOTAL,All individuals,PC_IND,Percentage of individuals,IE,Ireland,2010,,2.48,,,,,
dataflow,ESTAT:ISOC_EC_IBUY(1.0),Internet purchases by individuals (2002-2019),A,Annual,I_BFOOD,Online purchases: Food/groceries,IND_TOTAL,All individuals,PC_IND,Percentage of individuals,IE,Ireland,2011,,3.59,,,,,
dataflow,ESTAT:ISOC_EC_IBUY(1.0),Internet purchases by individuals (2002-2019),A,Annual,I_BFOOD,Online purchases: Food/groceries,IND_TOTAL,All individuals,PC_IND,Percentage of individuals,IE,Ireland,2012,,4.39,,,,,
dataflow,ESTAT:ISOC_EC_IBUY(1.0),Internet purchases by individuals (2002-2019),A,Annual,I_BFOOD,Online purchases: Food/groceries,IND_TOTAL,All individuals,PC_IND,Percentage of individuals,IE,Ireland,2013,,4.61,,,,,
dataflow,ESTAT:ISOC_EC_IBUY(1.0),Internet purchases by individuals (2002-2019),A,Annual,I_BFOOD,Online purchases: Food/groceries,IND_TOTAL,All individuals,PC_IND,Percentage of individuals,IE,Ireland,2014,,4.99,,,,,
dataflow,ESTAT:ISOC_EC_IBUY(1.0),Internet purchases by individuals (2002-2019),A,Annual,I_BFOOD,Online purchases: Food/groceries,IND_TOTAL,All individuals,PC_IND,Percentage of individuals,IE,Ireland,2015,,3.93,,,,,
dataflow,ESTAT:ISOC_EC_IBUY(1.0),Internet purchases by individuals (2002-2019),A,Annual,I_BFOOD,Online purchases: Food/groceries,IND_TOTAL,All individuals,PC_IND,Percentage of individuals,IE,Ireland,2016,,4.96,,,,,
dataflow,ESTAT:ISOC_EC_IBUY(1.0),Internet purchases by individuals (2002-2019),A,Annual,I_BFOOD,Online purchases: Food/groceries,IND_TOTAL,All individuals,PC_IND,Percentage of individuals,IE,Ireland,2017,,6.49,,,,,
dataflow,ESTAT:ISOC_EC_IBUY(1.0),Internet purchases by individuals (2002-2019),A,Annual,I_BFOOD,Online purchases: Food/groceries,IND_TOTAL,All individuals,PC_IND,Percentage of individuals,IE,Ireland,2018,,6.21,,,,,
dataflow,ESTAT:ISOC_EC_IBUY(1.0),Internet purchases by individuals (2002-2019),A,Annual,I_BFOOD,Online purchases: Food/groceries,IND_TOTAL,All individuals,PC_IND,Percentage of individuals,IE,Ireland,2019,,8.96,,,,,
dataflow,ESTAT:ISOC_EC_IBUY(1.0),Internet purchases by individuals (2002-2019),A,Annual,I_BFOOD,Online purchases: Food/groceries,IND_TOTAL,All individuals,PC_IND,Percentage of individuals,IS,Iceland,2010,,4.53,,,,,
dataflow,ESTAT:ISOC_EC_IBUY(1.0),Internet purchases by individuals (2002-2019),A,Annual,I_BFOOD,Online purchases: Food/groceries,IND_TOTAL,All individuals,PC_IND,Percentage of individuals,IS,Iceland,2011,,4.58,,,,,
dataflow,ESTAT:ISOC_EC_IBUY(1.0),Internet purchases by individuals (2002-2019),A,Annual,I_BFOOD,Online purchases: Food/groceries,IND_TOTAL,All individuals,PC_IND,Percentage of individuals,IS,Iceland,2012,,4.54,,,,,
dataflow,ESTAT:ISOC_EC_IBUY(1.0),Internet purchases by individuals (2002-2019),A,Annual,I_BFOOD,Online purchases: Food/groceries,IND_TOTAL,All individuals,PC_IND,Percentage of individuals,IS,Iceland,2013,,3.74,,,,,
dataflow,ESTAT:ISOC_EC_IBUY(1.0),Internet purchases by individuals (2002-2019),A,Annual,I_BFOOD,Online purchases: Food/groceries,IND_TOTAL,All individuals,PC_IND,Percentage of individuals,IS,Iceland,2014,,7.97,,,,,
dataflow,ESTAT:ISOC_EC_IBUY(1.0),Internet purchases by individuals (2002-2019),A,Annual,I_BFOOD,Online purchases: Food/groceries,IND_TOTAL,All individuals,PC_IND,Percentage of individuals,IS,Iceland,2017,,11.73,,,,,
dataflow,ESTAT:ISOC_EC_IBUY(1.0),Internet purchases by individuals (2002-2019),A,Annual,I_BFOOD,Online purchases: Food/groceries,IND_TOTAL,All individuals,PC_IND,Percentage of individuals,IS,Iceland,2018,,10.39,,,,,
dataflow,ESTAT:ISOC_EC_IBUY(1.0),Internet purchases by individuals (2002-2019),A,Annual,I_BFOOD,Online purchases: Food/groceries,IND_TOTAL,All individuals,PC_IND,Percentage of individuals,IS,Iceland,2019,,13.73,,,,,
dataflow,ESTAT:ISOC_EC_IBUY(1.0),Internet purchases by individuals (2002-2019),A,Annual,I_BFOOD,Online purchases: Food/groceries,IND_TOTAL,All individuals,PC_IND,Percentage of individuals,IT,Italy,2010,,0.82,,,,,
dataflow,ESTAT:ISOC_EC_IBUY(1.0),Internet purchases by individuals (2002-2019),A,Annual,I_BFOOD,Online purchases: Food/groceries,IND_TOTAL,All individuals,PC_IND,Percentage of individuals,IT,Italy,2011,,1.00,,,,,
dataflow,ESTAT:ISOC_EC_IBUY(1.0),Internet purchases by individuals (2002-2019),A,Annual,I_BFOOD,Online purchases: Food/groceries,IND_TOTAL,All individuals,PC_IND,Percentage of individuals,IT,Italy,2012,,0.95,,,,,
dataflow,ESTAT:ISOC_EC_IBUY(1.0),Internet purchases by individuals (2002-2019),A,Annual,I_BFOOD,Online purchases: Food/groceries,IND_TOTAL,All individuals,PC_IND,Percentage of individuals,IT,Italy,2013,,1.24,,,,,
dataflow,ESTAT:ISOC_EC_IBUY(1.0),Internet purchases by individuals (2002-2019),A,Annual,I_BFOOD,Online purchases: Food/groceries,IND_TOTAL,All individuals,PC_IND,Percentage of individuals,IT,Italy,2014,,1.45,,,,,
dataflow,ESTAT:ISOC_EC_IBUY(1.0),Internet purchases by individuals (2002-2019),A,Annual,I_BFOOD,Online purchases: Food/groceries,IND_TOTAL,All individuals,PC_IND,Percentage of individuals,IT,Italy,2015,,1.61,,,,,
dataflow,ESTAT:ISOC_EC_IBUY(1.0),Internet purchases by individuals (2002-2019),A,Annual,I_BFOOD,Online purchases: Food/groceries,IND_TOTAL,All individuals,PC_IND,Percentage of individuals,IT,Italy,2016,,2.18,,,,,
dataflow,ESTAT:ISOC_EC_IBUY(1.0),Internet purchases by individuals (2002-2019),A,Annual,I_BFOOD,Online purchases: Food/groceries,IND_TOTAL,All individuals,PC_IND,Percentage of individuals,IT,Italy,2017,,3.01,,,,,
dataflow,ESTAT:ISOC_EC_IBUY(1.0),Internet purchases by individuals (2002-2019),A,Annual,I_BFOOD,Online purchases: Food/groceries,IND_TOTAL,All individuals,PC_IND,Percentage of individuals,IT,Italy,2018,,4.43,,,,,
dataflow,ESTAT:ISOC_EC_IBUY(1.0),Internet purchases by individuals (2002-2019),A,Annual,I_BFOOD,Online purchases: Food/groceries,IND_TOTAL,All individuals,PC_IND,Percentage of individuals,IT,Italy,2019,,4.98,,,,,
dataflow,ESTAT:ISOC_EC_IBUY(1.0),Internet purchases by individuals (2002-2019),A,Annual,I_BFOOD,Online purchases: Food/groceries,IND_TOTAL,All individuals,PC_IND,Percentage of individuals,LT,Lithuania,2010,,1.26,,,,,
dataflow,ESTAT:ISOC_EC_IBUY(1.0),Internet purchases by individuals (2002-2019),A,Annual,I_BFOOD,Online purchases: Food/groceries,IND_TOTAL,All individuals,PC_IND,Percentage of individuals,LT,Lithuania,2011,,1.98,,,,,
dataflow,ESTAT:ISOC_EC_IBUY(1.0),Internet purchases by individuals (2002-2019),A,Annual,I_BFOOD,Online purchases: Food/groceries,IND_TOTAL,All individuals,PC_IND,Percentage of individuals,LT,Lithuania,2012,,2.08,,,,,
dataflow,ESTAT:ISOC_EC_IBUY(1.0),Internet purchases by individuals (2002-2019),A,Annual,I_BFOOD,Online purchases: Food/groceries,IND_TOTAL,All individuals,PC_IND,Percentage of individuals,LT,Lithuania,2013,,3.32,,,,,
dataflow,ESTAT:ISOC_EC_IBUY(1.0),Internet purchases by individuals (2002-2019),A,Annual,I_BFOOD,Online purchases: Food/groceries,IND_TOTAL,All individuals,PC_IND,Percentage of individuals,LT,Lithuania,2014,,3.39,,,,,
dataflow,ESTAT:ISOC_EC_IBUY(1.0),Internet purchases by individuals (2002-2019),A,Annual,I_BFOOD,Online purchases: Food/groceries,IND_TOTAL,All individuals,PC_IND,Percentage of individuals,LT,Lithuania,2015,,7.47,,,,,
dataflow,ESTAT:ISOC_EC_IBUY(1.0),Internet purchases by individuals (2002-2019),A,Annual,I_BFOOD,Online purchases: Food/groceries,IND_TOTAL,All individuals,PC_IND,Percentage of individuals,LT,Lithuania,2016,,8.69,,,,,
dataflow,ESTAT:ISOC_EC_IBUY(1.0),Internet purchases by individuals (2002-2019),A,Annual,I_BFOOD,Online purchases: Food/groceries,IND_TOTAL,All individuals,PC_IND,Percentage of individuals,LT,Lithuania,2017,,11.34,,,,,
dataflow,ESTAT:ISOC_EC_IBUY(1.0),Internet purchases by individuals (2002-2019),A,Annual,I_BFOOD,Online purchases: Food/groceries,IND_TOTAL,All individuals,PC_IND,Percentage of individuals,LT,Lithuania,2018,,14.23,,,,,
dataflow,ESTAT:ISOC_EC_IBUY(1.0),Internet purchases by individuals (2002-2019),A,Annual,I_BFOOD,Online purchases: Food/groceries,IND_TOTAL,All individuals,PC_IND,Percentage of individuals,LT,Lithuania,2019,,16.02,,,,,
dataflow,ESTAT:ISOC_EC_IBUY(1.0),Internet purchases by individuals (2002-2019),A,Annual,I_BFOOD,Online purchases: Food/groceries,IND_TOTAL,All individuals,PC_IND,Percentage of individuals,LU,Luxembourg,2010,,5.29,,,,,
dataflow,ESTAT:ISOC_EC_IBUY(1.0),Internet purchases by individuals (2002-2019),A,Annual,I_BFOOD,Online purchases: Food/groceries,IND_TOTAL,All individuals,PC_IND,Percentage of individuals,LU,Luxembourg,2011,,6.90,,,,,
dataflow,ESTAT:ISOC_EC_IBUY(1.0),Internet purchases by individuals (2002-2019),A,Annual,I_BFOOD,Online purchases: Food/groceries,IND_TOTAL,All individuals,PC_IND,Percentage of individuals,LU,Luxembourg,2012,,8.97,,,,,
dataflow,ESTAT:ISOC_EC_IBUY(1.0),Internet purchases by individuals (2002-2019),A,Annual,I_BFOOD,Online purchases: Food/groceries,IND_TOTAL,All individuals,PC_IND,Percentage of individuals,LU,Luxembourg,2013,,10.27,,,,,
dataflow,ESTAT:ISOC_EC_IBUY(1.0),Internet purchases by individuals (2002-2019),A,Annual,I_BFOOD,Online purchases: Food/groceries,IND_TOTAL,All individuals,PC_IND,Percentage of individuals,LU,Luxembourg,2014,,11.11,,,,,
dataflow,ESTAT:ISOC_EC_IBUY(1.0),Internet purchases by individuals (2002-2019),A,Annual,I_BFOOD,Online purchases: Food/groceries,IND_TOTAL,All individuals,PC_IND,Percentage of individuals,LU,Luxembourg,2015,,9.47,,,,,
dataflow,ESTAT:ISOC_EC_IBUY(1.0),Internet purchases by individuals (2002-2019),A,Annual,I_BFOOD,Online purchases: Food/groceries,IND_TOTAL,All individuals,PC_IND,Percentage of individuals,LU,Luxembourg,2016,,14.41,,,,,
dataflow,ESTAT:ISOC_EC_IBUY(1.0),Internet purchases by individuals (2002-2019),A,Annual,I_BFOOD,Online purchases: Food/groceries,IND_TOTAL,All individuals,PC_IND,Percentage of individuals,LU,Luxembourg,2017,,15.67,,,,,
dataflow,ESTAT:ISOC_EC_IBUY(1.0),Internet purchases by individuals (2002-2019),A,Annual,I_BFOOD,Online purchases: Food/groceries,IND_TOTAL,All individuals,PC_IND,Percentage of individuals,LU,Luxembourg,2018,,9.87,,b,break in time series,,
dataflow,ESTAT:ISOC_EC_IBUY(1.0),Internet purchases by individuals (2002-2019),A,Annual,I_BFOOD,Online purchases: Food/groceries,IND_TOTAL,All individuals,PC_IND,Percentage of individuals,LU,Luxembourg,2019,,12.88,,,,,
dataflow,ESTAT:ISOC_EC_IBUY(1.0),Internet purchases by individuals (2002-2019),A,Annual,I_BFOOD,Online purchases: Food/groceries,IND_TOTAL,All individuals,PC_IND,Percentage of individuals,LV,Latvia,2010,,0.55,,,,,
dataflow,ESTAT:ISOC_EC_IBUY(1.0),Internet purchases by individuals (2002-2019),A,Annual,I_BFOOD,Online purchases: Food/groceries,IND_TOTAL,All individuals,PC_IND,Percentage of individuals,LV,Latvia,2011,,1.38,,,,,
dataflow,ESTAT:ISOC_EC_IBUY(1.0),Internet purchases by individuals (2002-2019),A,Annual,I_BFOOD,Online purchases: Food/groceries,IND_TOTAL,All individuals,PC_IND,Percentage of individuals,LV,Latvia,2012,,1.06,,,,,
dataflow,ESTAT:ISOC_EC_IBUY(1.0),Internet purchases by individuals (2002-2019),A,Annual,I_BFOOD,Online purchases: Food/groceries,IND_TOTAL,All individuals,PC_IND,Percentage of individuals,LV,Latvia,2013,,1.68,,,,,
dataflow,ESTAT:ISOC_EC_IBUY(1.0),Internet purchases by individuals (2002-2019),A,Annual,I_BFOOD,Online purchases: Food/groceries,IND_TOTAL,All individuals,PC_IND,Percentage of individuals,LV,Latvia,2014,,1.46,,,,,
dataflow,ESTAT:ISOC_EC_IBUY(1.0),Internet purchases by individuals (2002-2019),A,Annual,I_BFOOD,Online purchases: Food/groceries,IND_TOTAL,All individuals,PC_IND,Percentage of individuals,LV,Latvia,2015,,5.84,,,,,
dataflow,ESTAT:ISOC_EC_IBUY(1.0),Internet purchases by individuals (2002-2019),A,Annual,I_BFOOD,Online purchases: Food/groceries,IND_TOTAL,All individuals,PC_IND,Percentage of individuals,LV,Latvia,2016,,8.55,,b,break in time series,,
dataflow,ESTAT:ISOC_EC_IBUY(1.0),Internet purchases by individuals (2002-2019),A,Annual,I_BFOOD,Online purchases: Food/groceries,IND_TOTAL,All individuals,PC_IND,Percentage of individuals,LV,Latvia,2017,,8.48,,,,,
dataflow,ESTAT:ISOC_EC_IBUY(1.0),Internet purchases by individuals (2002-2019),A,Annual,I_BFOOD,Online purchases: Food/groceries,IND_TOTAL,All individuals,PC_IND,Percentage of individuals,LV,Latvia,2018,,7.46,,,,,
dataflow,ESTAT:ISOC_EC_IBUY(1.0),Internet purchases by individuals (2002-2019),A,Annual,I_BFOOD,Online purchases: Food/groceries,IND_TOTAL,All individuals,PC_IND,Percentage of individuals,LV,Latvia,2019,,8.71,,,,,
dataflow,ESTAT:ISOC_EC_IBUY(1.0),Internet purchases by individuals (2002-2019),A,Annual,I_BFOOD,Online purchases: Food/groceries,IND_TOTAL,All individuals,PC_IND,Percentage of individuals,ME,Montenegro,2012,,0.87,,,,,
dataflow,ESTAT:ISOC_EC_IBUY(1.0),Internet purchases by individuals (2002-2019),A,Annual,I_BFOOD,Online purchases: Food/groceries,IND_TOTAL,All individuals,PC_IND,Percentage of individuals,ME,Montenegro,2017,,0.26,,,,,
dataflow,ESTAT:ISOC_EC_IBUY(1.0),Internet purchases by individuals (2002-2019),A,Annual,I_BFOOD,Online purchases: Food/groceries,IND_TOTAL,All individuals,PC_IND,Percentage of individuals,ME,Montenegro,2018,,0.12,,,,,
dataflow,ESTAT:ISOC_EC_IBUY(1.0),Internet purchases by individuals (2002-2019),A,Annual,I_BFOOD,Online purchases: Food/groceries,IND_TOTAL,All individuals,PC_IND,Percentage of individuals,ME,Montenegro,2019,,0.94,,,,,
dataflow,ESTAT:ISOC_EC_IBUY(1.0),Internet purchases by individuals (2002-2019),A,Annual,I_BFOOD,Online purchases: Food/groceries,IND_TOTAL,All individuals,PC_IND,Percentage of individuals,MK,North Macedonia,2010,,0.59,,,,,
dataflow,ESTAT:ISOC_EC_IBUY(1.0),Internet purchases by individuals (2002-2019),A,Annual,I_BFOOD,Online purchases: Food/groceries,IND_TOTAL,All individuals,PC_IND,Percentage of individuals,MK,North Macedonia,2012,,0.39,,,,,
dataflow,ESTAT:ISOC_EC_IBUY(1.0),Internet purchases by individuals (2002-2019),A,Annual,I_BFOOD,Online purchases: Food/groceries,IND_TOTAL,All individuals,PC_IND,Percentage of individuals,MK,North Macedonia,2013,,1.79,,,,,
dataflow,ESTAT:ISOC_EC_IBUY(1.0),Internet purchases by individuals (2002-2019),A,Annual,I_BFOOD,Online purchases: Food/groceries,IND_TOTAL,All individuals,PC_IND,Percentage of individuals,MK,North Macedonia,2014,,0.48,,,,,
dataflow,ESTAT:ISOC_EC_IBUY(1.0),Internet purchases by individuals (2002-2019),A,Annual,I_BFOOD,Online purchases: Food/groceries,IND_TOTAL,All individuals,PC_IND,Percentage of individuals,MK,North Macedonia,2015,,0.99,,,,,
dataflow,ESTAT:ISOC_EC_IBUY(1.0),Internet purchases by individuals (2002-2019),A,Annual,I_BFOOD,Online purchases: Food/groceries,IND_TOTAL,All individuals,PC_IND,Percentage of individuals,MK,North Macedonia,2016,,1.22,,,,,
dataflow,ESTAT:ISOC_EC_IBUY(1.0),Internet purchases by individuals (2002-2019),A,Annual,I_BFOOD,Online purchases: Food/groceries,IND_TOTAL,All individuals,PC_IND,Percentage of individuals,MK,North Macedonia,2017,,0.80,,,,,
dataflow,ESTAT:ISOC_EC_IBUY(1.0),Internet purchases by individuals (2002-2019),A,Annual,I_BFOOD,Online purchases: Food/groceries,IND_TOTAL,All individuals,PC_IND,Percentage of individuals,MK,North Macedonia,2018,,2.58,,,,,
dataflow,ESTAT:ISOC_EC_IBUY(1.0),Internet purchases by individuals (2002-2019),A,Annual,I_BFOOD,Online purchases: Food/groceries,IND_TOTAL,All individuals,PC_IND,Percentage of individuals,MK,North Macedonia,2019,,2.66,,,,,
dataflow,ESTAT:ISOC_EC_IBUY(1.0),Internet purchases by individuals (2002-2019),A,Annual,I_BFOOD,Online purchases: Food/groceries,IND_TOTAL,All individuals,PC_IND,Percentage of individuals,MT,Malta,2010,,0.88,,,,,
dataflow,ESTAT:ISOC_EC_IBUY(1.0),Internet purchases by individuals (2002-2019),A,Annual,I_BFOOD,Online purchases: Food/groceries,IND_TOTAL,All individuals,PC_IND,Percentage of individuals,MT,Malta,2011,,0.76,,,,,
dataflow,ESTAT:ISOC_EC_IBUY(1.0),Internet purchases by individuals (2002-2019),A,Annual,I_BFOOD,Online purchases: Food/groceries,IND_TOTAL,All individuals,PC_IND,Percentage of individuals,MT,Malta,2012,,1.01,,,,,
dataflow,ESTAT:ISOC_EC_IBUY(1.0),Internet purchases by individuals (2002-2019),A,Annual,I_BFOOD,Online purchases: Food/groceries,IND_TOTAL,All individuals,PC_IND,Percentage of individuals,MT,Malta,2013,,1.15,,,,,
dataflow,ESTAT:ISOC_EC_IBUY(1.0),Internet purchases by individuals (2002-2019),A,Annual,I_BFOOD,Online purchases: Food/groceries,IND_TOTAL,All individuals,PC_IND,Percentage of individuals,MT,Malta,2014,,1.85,,,,,
dataflow,ESTAT:ISOC_EC_IBUY(1.0),Internet purchases by individuals (2002-2019),A,Annual,I_BFOOD,Online purchases: Food/groceries,IND_TOTAL,All individuals,PC_IND,Percentage of individuals,MT,Malta,2015,,2.31,,,,,
dataflow,ESTAT:ISOC_EC_IBUY(1.0),Internet purchases by individuals (2002-2019),A,Annual,I_BFOOD,Online purchases: Food/groceries,IND_TOTAL,All individuals,PC_IND,Percentage of individuals,MT,Malta,2016,,3.84,,,,,
dataflow,ESTAT:ISOC_EC_IBUY(1.0),Internet purchases by individuals (2002-2019),A,Annual,I_BFOOD,Online purchases: Food/groceries,IND_TOTAL,All individuals,PC_IND,Percentage of individuals,MT,Malta,2017,,5.49,,,,,
dataflow,ESTAT:ISOC_EC_IBUY(1.0),Internet purchases by individuals (2002-2019),A,Annual,I_BFOOD,Online purchases: Food/groceries,IND_TOTAL,All individuals,PC_IND,Percentage of individuals,MT,Malta,2018,,5.29,,,,,
dataflow,ESTAT:ISOC_EC_IBUY(1.0),Internet purchases by individuals (2002-2019),A,Annual,I_BFOOD,Online purchases: Food/groceries,IND_TOTAL,All individuals,PC_IND,Percentage of individuals,MT,Malta,2019,,8.39,,,,,
dataflow,ESTAT:ISOC_EC_IBUY(1.0),Internet purchases by individuals (2002-2019),A,Annual,I_BFOOD,Online purchases: Food/groceries,IND_TOTAL,All individuals,PC_IND,Percentage of individuals,NL,Netherlands,2010,,6.13,,,,,
dataflow,ESTAT:ISOC_EC_IBUY(1.0),Internet purchases by individuals (2002-2019),A,Annual,I_BFOOD,Online purchases: Food/groceries,IND_TOTAL,All individuals,PC_IND,Percentage of individuals,NL,Netherlands,2011,,8.01,,,,,
dataflow,ESTAT:ISOC_EC_IBUY(1.0),Internet purchases by individuals (2002-2019),A,Annual,I_BFOOD,Online purchases: Food/groceries,IND_TOTAL,All individuals,PC_IND,Percentage of individuals,NL,Netherlands,2012,,8.19,,,,,
dataflow,ESTAT:ISOC_EC_IBUY(1.0),Internet purchases by individuals (2002-2019),A,Annual,I_BFOOD,Online purchases: Food/groceries,IND_TOTAL,All individuals,PC_IND,Percentage of individuals,NL,Netherlands,2013,,10.34,,,,,
dataflow,ESTAT:ISOC_EC_IBUY(1.0),Internet purchases by individuals (2002-2019),A,Annual,I_BFOOD,Online purchases: Food/groceries,IND_TOTAL,All individuals,PC_IND,Percentage of individuals,NL,Netherlands,2014,,14.54,,,,,
dataflow,ESTAT:ISOC_EC_IBUY(1.0),Internet purchases by individuals (2002-2019),A,Annual,I_BFOOD,Online purchases: Food/groceries,IND_TOTAL,All individuals,PC_IND,Percentage of individuals,NL,Netherlands,2015,,16.46,,,,,
dataflow,ESTAT:ISOC_EC_IBUY(1.0),Internet purchases by individuals (2002-2019),A,Annual,I_BFOOD,Online purchases: Food/groceries,IND_TOTAL,All individuals,PC_IND,Percentage of individuals,NL,Netherlands,2016,,20.76,,,,,
dataflow,ESTAT:ISOC_EC_IBUY(1.0),Internet purchases by individuals (2002-2019),A,Annual,I_BFOOD,Online purchases: Food/groceries,IND_TOTAL,All individuals,PC_IND,Percentage of individuals,NL,Netherlands,2017,,29.16,,,,,
dataflow,ESTAT:ISOC_EC_IBUY(1.0),Internet purchases by individuals (2002-2019),A,Annual,I_BFOOD,Online purchases: Food/groceries,IND_TOTAL,All individuals,PC_IND,Percentage of individuals,NL,Netherlands,2018,,17.80,,b,break in time series,,
dataflow,ESTAT:ISOC_EC_IBUY(1.0),Internet purchases by individuals (2002-2019),A,Annual,I_BFOOD,Online purchases: Food/groceries,IND_TOTAL,All individuals,PC_IND,Percentage of individuals,NL,Netherlands,2019,,34.91,,,,,
dataflow,ESTAT:ISOC_EC_IBUY(1.0),Internet purchases by individuals (2002-2019),A,Annual,I_BFOOD,Online purchases: Food/groceries,IND_TOTAL,All individuals,PC_IND,Percentage of individuals,NO,Norway,2010,,3.27,,,,,
dataflow,ESTAT:ISOC_EC_IBUY(1.0),Internet purchases by individuals (2002-2019),A,Annual,I_BFOOD,Online purchases: Food/groceries,IND_TOTAL,All individuals,PC_IND,Percentage of individuals,NO,Norway,2011,,4.15,,,,,
dataflow,ESTAT:ISOC_EC_IBUY(1.0),Internet purchases by individuals (2002-2019),A,Annual,I_BFOOD,Online purchases: Food/groceries,IND_TOTAL,All individuals,PC_IND,Percentage of individuals,NO,Norway,2012,,4.51,,,,,
dataflow,ESTAT:ISOC_EC_IBUY(1.0),Internet purchases by individuals (2002-2019),A,Annual,I_BFOOD,Online purchases: Food/groceries,IND_TOTAL,All individuals,PC_IND,Percentage of individuals,NO,Norway,2013,,4.85,,,,,
dataflow,ESTAT:ISOC_EC_IBUY(1.0),Internet purchases by individuals (2002-2019),A,Annual,I_BFOOD,Online purchases: Food/groceries,IND_TOTAL,All individuals,PC_IND,Percentage of individuals,NO,Norway,2014,,4.58,,,,,
dataflow,ESTAT:ISOC_EC_IBUY(1.0),Internet purchases by individuals (2002-2019),A,Annual,I_BFOOD,Online purchases: Food/groceries,IND_TOTAL,All individuals,PC_IND,Percentage of individuals,NO,Norway,2015,,7.78,,,,,
dataflow,ESTAT:ISOC_EC_IBUY(1.0),Internet purchases by individuals (2002-2019),A,Annual,I_BFOOD,Online purchases: Food/groceries,IND_TOTAL,All individuals,PC_IND,Percentage of individuals,NO,Norway,2016,,9.83,,,,,
dataflow,ESTAT:ISOC_EC_IBUY(1.0),Internet purchases by individuals (2002-2019),A,Annual,I_BFOOD,Online purchases: Food/groceries,IND_TOTAL,All individuals,PC_IND,Percentage of individuals,NO,Norway,2017,,14.19,,,,,
dataflow,ESTAT:ISOC_EC_IBUY(1.0),Internet purchases by individuals (2002-2019),A,Annual,I_BFOOD,Online purchases: Food/groceries,IND_TOTAL,All individuals,PC_IND,Percentage of individuals,NO,Norway,2018,,14.01,,,,,
dataflow,ESTAT:ISOC_EC_IBUY(1.0),Internet purchases by individuals (2002-2019),A,Annual,I_BFOOD,Online purchases: Food/groceries,IND_TOTAL,All individuals,PC_IND,Percentage of individuals,NO,Norway,2019,,13.75,,,,,
dataflow,ESTAT:ISOC_EC_IBUY(1.0),Internet purchases by individuals (2002-2019),A,Annual,I_BFOOD,Online purchases: Food/groceries,IND_TOTAL,All individuals,PC_IND,Percentage of individuals,PL,Poland,2010,,5.61,,,,,
dataflow,ESTAT:ISOC_EC_IBUY(1.0),Internet purchases by individuals (2002-2019),A,Annual,I_BFOOD,Online purchases: Food/groceries,IND_TOTAL,All individuals,PC_IND,Percentage of individuals,PL,Poland,2011,,5.60,,,,,
dataflow,ESTAT:ISOC_EC_IBUY(1.0),Internet purchases by individuals (2002-2019),A,Annual,I_BFOOD,Online purchases: Food/groceries,IND_TOTAL,All individuals,PC_IND,Percentage of individuals,PL,Poland,2012,,6.52,,,,,
dataflow,ESTAT:ISOC_EC_IBUY(1.0),Internet purchases by individuals (2002-2019),A,Annual,I_BFOOD,Online purchases: Food/groceries,IND_TOTAL,All individuals,PC_IND,Percentage of individuals,PL,Poland,2013,,7.69,,,,,
dataflow,ESTAT:ISOC_EC_IBUY(1.0),Internet purchases by individuals (2002-2019),A,Annual,I_BFOOD,Online purchases: Food/groceries,IND_TOTAL,All individuals,PC_IND,Percentage of individuals,PL,Poland,2014,,8.15,,,,,
dataflow,ESTAT:ISOC_EC_IBUY(1.0),Internet purchases by individuals (2002-2019),A,Annual,I_BFOOD,Online purchases: Food/groceries,IND_TOTAL,All individuals,PC_IND,Percentage of individuals,PL,Poland,2015,,7.11,,,,,
dataflow,ESTAT:ISOC_EC_IBUY(1.0),Internet purchases by individuals (2002-2019),A,Annual,I_BFOOD,Online purchases: Food/groceries,IND_TOTAL,All individuals,PC_IND,Percentage of individuals,PL,Poland,2016,,9.03,,,,,
dataflow,ESTAT:ISOC_EC_IBUY(1.0),Internet purchases by individuals (2002-2019),A,Annual,I_BFOOD,Online purchases: Food/groceries,IND_TOTAL,All individuals,PC_IND,Percentage of individuals,PL,Poland,2017,,11.12,,,,,
dataflow,ESTAT:ISOC_EC_IBUY(1.0),Internet purchases by individuals (2002-2019),A,Annual,I_BFOOD,Online purchases: Food/groceries,IND_TOTAL,All individuals,PC_IND,Percentage of individuals,PL,Poland,2018,,11.53,,,,,
dataflow,ESTAT:ISOC_EC_IBUY(1.0),Internet purchases by individuals (2002-2019),A,Annual,I_BFOOD,Online purchases: Food/groceries,IND_TOTAL,All individuals,PC_IND,Percentage of individuals,PL,Poland,2019,,14.28,,,,,
dataflow,ESTAT:ISOC_EC_IBUY(1.0),Internet purchases by individuals (2002-2019),A,Annual,I_BFOOD,Online purchases: Food/groceries,IND_TOTAL,All individuals,PC_IND,Percentage of individuals,PT,Portugal,2010,,2.66,,,,,
dataflow,ESTAT:ISOC_EC_IBUY(1.0),Internet purchases by individuals (2002-2019),A,Annual,I_BFOOD,Online purchases: Food/groceries,IND_TOTAL,All individuals,PC_IND,Percentage of individuals,PT,Portugal,2011,,3.35,,,,,
dataflow,ESTAT:ISOC_EC_IBUY(1.0),Internet purchases by individuals (2002-2019),A,Annual,I_BFOOD,Online purchases: Food/groceries,IND_TOTAL,All individuals,PC_IND,Percentage of individuals,PT,Portugal,2012,,4.53,,,,,
dataflow,ESTAT:ISOC_EC_IBUY(1.0),Internet purchases by individuals (2002-2019),A,Annual,I_BFOOD,Online purchases: Food/groceries,IND_TOTAL,All individuals,PC_IND,Percentage of individuals,PT,Portugal,2013,,5.49,,,,,
dataflow,ESTAT:ISOC_EC_IBUY(1.0),Internet purchases by individuals (2002-2019),A,Annual,I_BFOOD,Online purchases: Food/groceries,IND_TOTAL,All individuals,PC_IND,Percentage of individuals,PT,Portugal,2014,,4.21,,,,,
dataflow,ESTAT:ISOC_EC_IBUY(1.0),Internet purchases by individuals (2002-2019),A,Annual,I_BFOOD,Online purchases: Food/groceries,IND_TOTAL,All individuals,PC_IND,Percentage of individuals,PT,Portugal,2015,,4.77,,,,,
dataflow,ESTAT:ISOC_EC_IBUY(1.0),Internet purchases by individuals (2002-2019),A,Annual,I_BFOOD,Online purchases: Food/groceries,IND_TOTAL,All individuals,PC_IND,Percentage of individuals,PT,Portugal,2016,,5.78,,,,,
dataflow,ESTAT:ISOC_EC_IBUY(1.0),Internet purchases by individuals (2002-2019),A,Annual,I_BFOOD,Online purchases: Food/groceries,IND_TOTAL,All individuals,PC_IND,Percentage of individuals,PT,Portugal,2017,,7.99,,,,,
dataflow,ESTAT:ISOC_EC_IBUY(1.0),Internet purchases by individuals (2002-2019),A,Annual,I_BFOOD,Online purchases: Food/groceries,IND_TOTAL,All individuals,PC_IND,Percentage of individuals,PT,Portugal,2018,,9.64,,,,,
dataflow,ESTAT:ISOC_EC_IBUY(1.0),Internet purchases by individuals (2002-2019),A,Annual,I_BFOOD,Online purchases: Food/groceries,IND_TOTAL,All individuals,PC_IND,Percentage of individuals,PT,Portugal,2019,,10.94,,,,,
dataflow,ESTAT:ISOC_EC_IBUY(1.0),Internet purchases by individuals (2002-2019),A,Annual,I_BFOOD,Online purchases: Food/groceries,IND_TOTAL,All individuals,PC_IND,Percentage of individuals,RO,Romania,2010,,0.16,,,,,
dataflow,ESTAT:ISOC_EC_IBUY(1.0),Internet purchases by individuals (2002-2019),A,Annual,I_BFOOD,Online purchases: Food/groceries,IND_TOTAL,All individuals,PC_IND,Percentage of individuals,RO,Romania,2011,,0.42,,,,,
dataflow,ESTAT:ISOC_EC_IBUY(1.0),Internet purchases by individuals (2002-2019),A,Annual,I_BFOOD,Online purchases: Food/groceries,IND_TOTAL,All individuals,PC_IND,Percentage of individuals,RO,Romania,2012,,0.59,,,,,
dataflow,ESTAT:ISOC_EC_IBUY(1.0),Internet purchases by individuals (2002-2019),A,Annual,I_BFOOD,Online purchases: Food/groceries,IND_TOTAL,All individuals,PC_IND,Percentage of individuals,RO,Romania,2013,,0.67,,,,,
dataflow,ESTAT:ISOC_EC_IBUY(1.0),Internet purchases by individuals (2002-2019),A,Annual,I_BFOOD,Online purchases: Food/groceries,IND_TOTAL,All individuals,PC_IND,Percentage of individuals,RO,Romania,2014,,0.60,,b,break in time series,,
dataflow,ESTAT:ISOC_EC_IBUY(1.0),Internet purchases by individuals (2002-2019),A,Annual,I_BFOOD,Online purchases: Food/groceries,IND_TOTAL,All individuals,PC_IND,Percentage of individuals,RO,Romania,2015,,0.84,,,,,
dataflow,ESTAT:ISOC_EC_IBUY(1.0),Internet purchases by individuals (2002-2019),A,Annual,I_BFOOD,Online purchases: Food/groceries,IND_TOTAL,All individuals,PC_IND,Percentage of individuals,RO,Romania,2016,,0.69,,,,,
dataflow,ESTAT:ISOC_EC_IBUY(1.0),Internet purchases by individuals (2002-2019),A,Annual,I_BFOOD,Online purchases: Food/groceries,IND_TOTAL,All individuals,PC_IND,Percentage of individuals,RO,Romania,2017,,0.77,,,,,
dataflow,ESTAT:ISOC_EC_IBUY(1.0),Internet purchases by individuals (2002-2019),A,Annual,I_BFOOD,Online purchases: Food/groceries,IND_TOTAL,All individuals,PC_IND,Percentage of individuals,RO,Romania,2018,,1.56,,,,,
dataflow,ESTAT:ISOC_EC_IBUY(1.0),Internet purchases by individuals (2002-2019),A,Annual,I_BFOOD,Online purchases: Food/groceries,IND_TOTAL,All individuals,PC_IND,Percentage of individuals,RO,Romania,2019,,1.29,,,,,
dataflow,ESTAT:ISOC_EC_IBUY(1.0),Internet purchases by individuals (2002-2019),A,Annual,I_BFOOD,Online purchases: Food/groceries,IND_TOTAL,All individuals,PC_IND,Percentage of individuals,RS,Serbia,2015,,0.99,,,,,
dataflow,ESTAT:ISOC_EC_IBUY(1.0),Internet purchases by individuals (2002-2019),A,Annual,I_BFOOD,Online purchases: Food/groceries,IND_TOTAL,All individuals,PC_IND,Percentage of individuals,RS,Serbia,2017,,0.81,,,,,
dataflow,ESTAT:ISOC_EC_IBUY(1.0),Internet purchases by individuals (2002-2019),A,Annual,I_BFOOD,Online purchases: Food/groceries,IND_TOTAL,All individuals,PC_IND,Percentage of individuals,RS,Serbia,2018,,1.52,,,,,
dataflow,ESTAT:ISOC_EC_IBUY(1.0),Internet purchases by individuals (2002-2019),A,Annual,I_BFOOD,Online purchases: Food/groceries,IND_TOTAL,All individuals,PC_IND,Percentage of individuals,RS,Serbia,2019,,2.17,,,,,
dataflow,ESTAT:ISOC_EC_IBUY(1.0),Internet purchases by individuals (2002-2019),A,Annual,I_BFOOD,Online purchases: Food/groceries,IND_TOTAL,All individuals,PC_IND,Percentage of individuals,SE,Sweden,2010,,3.76,,,,,
dataflow,ESTAT:ISOC_EC_IBUY(1.0),Internet purchases by individuals (2002-2019),A,Annual,I_BFOOD,Online purchases: Food/groceries,IND_TOTAL,All individuals,PC_IND,Percentage of individuals,SE,Sweden,2011,,5.81,,,,,
dataflow,ESTAT:ISOC_EC_IBUY(1.0),Internet purchases by individuals (2002-2019),A,Annual,I_BFOOD,Online purchases: Food/groceries,IND_TOTAL,All individuals,PC_IND,Percentage of individuals,SE,Sweden,2012,,7.00,,,,,
dataflow,ESTAT:ISOC_EC_IBUY(1.0),Internet purchases by individuals (2002-2019),A,Annual,I_BFOOD,Online purchases: Food/groceries,IND_TOTAL,All individuals,PC_IND,Percentage of individuals,SE,Sweden,2013,,7.30,,,,,
dataflow,ESTAT:ISOC_EC_IBUY(1.0),Internet purchases by individuals (2002-2019),A,Annual,I_BFOOD,Online purchases: Food/groceries,IND_TOTAL,All individuals,PC_IND,Percentage of individuals,SE,Sweden,2014,,8.90,,,,,
dataflow,ESTAT:ISOC_EC_IBUY(1.0),Internet purchases by individuals (2002-2019),A,Annual,I_BFOOD,Online purchases: Food/groceries,IND_TOTAL,All individuals,PC_IND,Percentage of individuals,SE,Sweden,2015,,8.35,,,,,
dataflow,ESTAT:ISOC_EC_IBUY(1.0),Internet purchases by individuals (2002-2019),A,Annual,I_BFOOD,Online purchases: Food/groceries,IND_TOTAL,All individuals,PC_IND,Percentage of individuals,SE,Sweden,2016,,12.98,,b,break in time series,,
dataflow,ESTAT:ISOC_EC_IBUY(1.0),Internet purchases by individuals (2002-2019),A,Annual,I_BFOOD,Online purchases: Food/groceries,IND_TOTAL,All individuals,PC_IND,Percentage of individuals,SE,Sweden,2017,,16.34,,,,,
dataflow,ESTAT:ISOC_EC_IBUY(1.0),Internet purchases by individuals (2002-2019),A,Annual,I_BFOOD,Online purchases: Food/groceries,IND_TOTAL,All individuals,PC_IND,Percentage of individuals,SE,Sweden,2018,,18.87,,,,,
dataflow,ESTAT:ISOC_EC_IBUY(1.0),Internet purchases by individuals (2002-2019),A,Annual,I_BFOOD,Online purchases: Food/groceries,IND_TOTAL,All individuals,PC_IND,Percentage of individuals,SE,Sweden,2019,,20.51,,,,,
dataflow,ESTAT:ISOC_EC_IBUY(1.0),Internet purchases by individuals (2002-2019),A,Annual,I_BFOOD,Online purchases: Food/groceries,IND_TOTAL,All individuals,PC_IND,Percentage of individuals,SI,Slovenia,2010,,4.11,,,,,
dataflow,ESTAT:ISOC_EC_IBUY(1.0),Internet purchases by individuals (2002-2019),A,Annual,I_BFOOD,Online purchases: Food/groceries,IND_TOTAL,All individuals,PC_IND,Percentage of individuals,SI,Slovenia,2011,,5.80,,,,,
dataflow,ESTAT:ISOC_EC_IBUY(1.0),Internet purchases by individuals (2002-2019),A,Annual,I_BFOOD,Online purchases: Food/groceries,IND_TOTAL,All individuals,PC_IND,Percentage of individuals,SI,Slovenia,2012,,5.98,,,,,
dataflow,ESTAT:ISOC_EC_IBUY(1.0),Internet purchases by individuals (2002-2019),A,Annual,I_BFOOD,Online purchases: Food/groceries,IND_TOTAL,All individuals,PC_IND,Percentage of individuals,SI,Slovenia,2013,,8.19,,,,,
dataflow,ESTAT:ISOC_EC_IBUY(1.0),Internet purchases by individuals (2002-2019),A,Annual,I_BFOOD,Online purchases: Food/groceries,IND_TOTAL,All individuals,PC_IND,Percentage of individuals,SI,Slovenia,2014,,8.95,,,,,
dataflow,ESTAT:ISOC_EC_IBUY(1.0),Internet purchases by individuals (2002-2019),A,Annual,I_BFOOD,Online purchases: Food/groceries,IND_TOTAL,All individuals,PC_IND,Percentage of individuals,SI,Slovenia,2015,,10.34,,,,,
dataflow,ESTAT:ISOC_EC_IBUY(1.0),Internet purchases by individuals (2002-2019),A,Annual,I_BFOOD,Online purchases: Food/groceries,IND_TOTAL,All individuals,PC_IND,Percentage of individuals,SI,Slovenia,2016,,11.47,,,,,
dataflow,ESTAT:ISOC_EC_IBUY(1.0),Internet purchases by individuals (2002-2019),A,Annual,I_BFOOD,Online purchases: Food/groceries,IND_TOTAL,All individuals,PC_IND,Percentage of individuals,SI,Slovenia,2017,,14.24,,,,,
dataflow,ESTAT:ISOC_EC_IBUY(1.0),Internet purchases by individuals (2002-2019),A,Annual,I_BFOOD,Online purchases: Food/groceries,IND_TOTAL,All individuals,PC_IND,Percentage of individuals,SI,Slovenia,2018,,10.79,,,,,
dataflow,ESTAT:ISOC_EC_IBUY(1.0),Internet purchases by individuals (2002-2019),A,Annual,I_BFOOD,Online purchases: Food/groceries,IND_TOTAL,All individuals,PC_IND,Percentage of individuals,SI,Slovenia,2019,,12.17,,,,,
dataflow,ESTAT:ISOC_EC_IBUY(1.0),Internet purchases by individuals (2002-2019),A,Annual,I_BFOOD,Online purchases: Food/groceries,IND_TOTAL,All individuals,PC_IND,Percentage of individuals,SK,Slovakia,2010,,1.48,,,,,
dataflow,ESTAT:ISOC_EC_IBUY(1.0),Internet purchases by individuals (2002-2019),A,Annual,I_BFOOD,Online purchases: Food/groceries,IND_TOTAL,All individuals,PC_IND,Percentage of individuals,SK,Slovakia,2011,,1.35,,,,,
dataflow,ESTAT:ISOC_EC_IBUY(1.0),Internet purchases by individuals (2002-2019),A,Annual,I_BFOOD,Online purchases: Food/groceries,IND_TOTAL,All individuals,PC_IND,Percentage of individuals,SK,Slovakia,2012,,3.19,,,,,
dataflow,ESTAT:ISOC_EC_IBUY(1.0),Internet purchases by individuals (2002-2019),A,Annual,I_BFOOD,Online purchases: Food/groceries,IND_TOTAL,All individuals,PC_IND,Percentage of individuals,SK,Slovakia,2013,,3.15,,,,,
dataflow,ESTAT:ISOC_EC_IBUY(1.0),Internet purchases by individuals (2002-2019),A,Annual,I_BFOOD,Online purchases: Food/groceries,IND_TOTAL,All individuals,PC_IND,Percentage of individuals,SK,Slovakia,2014,,4.79,,,,,
dataflow,ESTAT:ISOC_EC_IBUY(1.0),Internet purchases by individuals (2002-2019),A,Annual,I_BFOOD,Online purchases: Food/groceries,IND_TOTAL,All individuals,PC_IND,Percentage of individuals,SK,Slovakia,2015,,4.87,,,,,
dataflow,ESTAT:ISOC_EC_IBUY(1.0),Internet purchases by individuals (2002-2019),A,Annual,I_BFOOD,Online purchases: Food/groceries,IND_TOTAL,All individuals,PC_IND,Percentage of individuals,SK,Slovakia,2016,,11.18,,,,,
dataflow,ESTAT:ISOC_EC_IBUY(1.0),Internet purchases by individuals (2002-2019),A,Annual,I_BFOOD,Online purchases: Food/groceries,IND_TOTAL,All individuals,PC_IND,Percentage of individuals,SK,Slovakia,2017,,14.77,,,,,
dataflow,ESTAT:ISOC_EC_IBUY(1.0),Internet purchases by individuals (2002-2019),A,Annual,I_BFOOD,Online purchases: Food/groceries,IND_TOTAL,All individuals,PC_IND,Percentage of individuals,SK,Slovakia,2018,,12.51,,,,,
dataflow,ESTAT:ISOC_EC_IBUY(1.0),Internet purchases by individuals (2002-2019),A,Annual,I_BFOOD,Online purchases: Food/groceries,IND_TOTAL,All individuals,PC_IND,Percentage of individuals,SK,Slovakia,2019,,14.14,,,,,
dataflow,ESTAT:ISOC_EC_IBUY(1.0),Internet purchases by individuals (2002-2019),A,Annual,I_BFOOD,Online purchases: Food/groceries,IND_TOTAL,All individuals,PC_IND,Percentage of individuals,TR,Türkiye,2010,,0.70,,,,,
dataflow,ESTAT:ISOC_EC_IBUY(1.0),Internet purchases by individuals (2002-2019),A,Annual,I_BFOOD,Online purchases: Food/groceries,IND_TOTAL,All individuals,PC_IND,Percentage of individuals,TR,Türkiye,2012,,1.68,,,,,
dataflow,ESTAT:ISOC_EC_IBUY(1.0),Internet purchases by individuals (2002-2019),A,Annual,I_BFOOD,Online purchases: Food/groceries,IND_TOTAL,All individuals,PC_IND,Percentage of individuals,TR,Türkiye,2013,,1.60,,,,,
dataflow,ESTAT:ISOC_EC_IBUY(1.0),Internet purchases by individuals (2002-2019),A,Annual,I_BFOOD,Online purchases: Food/groceries,IND_TOTAL,All individuals,PC_IND,Percentage of individuals,TR,Türkiye,2014,,2.49,,,,,
dataflow,ESTAT:ISOC_EC_IBUY(1.0),Internet purchases by individuals (2002-2019),A,Annual,I_BFOOD,Online purchases: Food/groceries,IND_TOTAL,All individuals,PC_IND,Percentage of individuals,TR,Türkiye,2015,,2.67,,,,,
dataflow,ESTAT:ISOC_EC_IBUY(1.0),Internet purchases by individuals (2002-2019),A,Annual,I_BFOOD,Online purchases: Food/groceries,IND_TOTAL,All individuals,PC_IND,Percentage of individuals,TR,Türkiye,2016,,3.43,,,,,
dataflow,ESTAT:ISOC_EC_IBUY(1.0),Internet purchases by individuals (2002-2019),A,Annual,I_BFOOD,Online purchases: Food/groceries,IND_TOTAL,All individuals,PC_IND,Percentage of individuals,TR,Türkiye,2017,,4.54,,,,,
dataflow,ESTAT:ISOC_EC_IBUY(1.0),Internet purchases by individuals (2002-2019),A,Annual,I_BFOOD,Online purchases: Food/groceries,IND_TOTAL,All individuals,PC_IND,Percentage of individuals,TR,Türkiye,2018,,5.54,,,,,
dataflow,ESTAT:ISOC_EC_IBUY(1.0),Internet purchases by individuals (2002-2019),A,Annual,I_BFOOD,Online purchases: Food/groceries,IND_TOTAL,All individuals,PC_IND,Percentage of individuals,TR,Türkiye,2019,,8.21,,,,,
dataflow,ESTAT:ISOC_EC_IBUY(1.0),Internet purchases by individuals (2002-2019),A,Annual,I_BFOOD,Online purchases: Food/groceries,IND_TOTAL,All individuals,PC_IND,Percentage of individuals,UK,United Kingdom,2010,,16.24,,,,,
dataflow,ESTAT:ISOC_EC_IBUY(1.0),Internet purchases by individuals (2002-2019),A,Annual,I_BFOOD,Online purchases: Food/groceries,IND_TOTAL,All individuals,PC_IND,Percentage of individuals,UK,United Kingdom,2011,,18.55,,,,,
dataflow,ESTAT:ISOC_EC_IBUY(1.0),Internet purchases by individuals (2002-2019),A,Annual,I_BFOOD,Online purchases: Food/groceries,IND_TOTAL,All individuals,PC_IND,Percentage of individuals,UK,United Kingdom,2012,,18.97,,,,,
dataflow,ESTAT:ISOC_EC_IBUY(1.0),Internet purchases by individuals (2002-2019),A,Annual,I_BFOOD,Online purchases: Food/groceries,IND_TOTAL,All individuals,PC_IND,Percentage of individuals,UK,United Kingdom,2013,,22.48,,,,,
dataflow,ESTAT:ISOC_EC_IBUY(1.0),Internet purchases by individuals (2002-2019),A,Annual,I_BFOOD,Online purchases: Food/groceries,IND_TOTAL,All individuals,PC_IND,Percentage of individuals,UK,United Kingdom,2014,,24.90,,,,,
dataflow,ESTAT:ISOC_EC_IBUY(1.0),Internet purchases by individuals (2002-2019),A,Annual,I_BFOOD,Online purchases: Food/groceries,IND_TOTAL,All individuals,PC_IND,Percentage of individuals,UK,United Kingdom,2015,,26.62,,,,,
dataflow,ESTAT:ISOC_EC_IBUY(1.0),Internet purchases by individuals (2002-2019),A,Annual,I_BFOOD,Online purchases: Food/groceries,IND_TOTAL,All individuals,PC_IND,Percentage of individuals,UK,United Kingdom,2016,,28.78,,,,,
dataflow,ESTAT:ISOC_EC_IBUY(1.0),Internet purchases by individuals (2002-2019),A,Annual,I_BFOOD,Online purchases: Food/groceries,IND_TOTAL,All individuals,PC_IND,Percentage of individuals,UK,United Kingdom,2017,,27.56,,,,,
dataflow,ESTAT:ISOC_EC_IBUY(1.0),Internet purchases by individuals (2002-2019),A,Annual,I_BFOOD,Online purchases: Food/groceries,IND_TOTAL,All individuals,PC_IND,Percentage of individuals,UK,United Kingdom,2018,,30.28,,,,,
dataflow,ESTAT:ISOC_EC_IBUY(1.0),Internet purchases by individuals (2002-2019),A,Annual,I_BFOOD,Online purchases: Food/groceries,IND_TOTAL,All individuals,PC_IND,Percentage of individuals,UK,United Kingdom,2019,,30.34,,,,,
dataflow,ESTAT:ISOC_EC_IBUY(1.0),Internet purchases by individuals (2002-2019),A,Annual,I_BFOOD,Online purchases: Food/groceries,IND_TOTAL,All individuals,PC_IND,Percentage of individuals,XK,Kosovo*,2017,,3.50,,,,,
dataflow,ESTAT:ISOC_EC_IBUY(1.0),Internet purchases by individuals (2002-2019),A,Annual,I_BFOOD,Online purchases: Food/groceries,IND_TOTAL,All individuals,PC_IND,Percentage of individuals,XK,Kosovo*,2018,,0.41,,,,,
dataflow,ESTAT:ISOC_EC_IBUY(1.0),Internet purchases by individuals (2002-2019),A,Annual,I_BFOOD,Online purchases: Food/groceries,IND_TOTAL,All individuals,PC_IND,Percentage of individuals,XK,Kosovo*,2019,,0.84,,,,,
